--
-- PostgreSQL database dump
--

-- Dumped from database version 14.5
-- Dumped by pg_dump version 15.2

-- Started on 2023-05-02 19:44:01

SET statement_timeout = 0;
SET lock_timeout = 0;
SET idle_in_transaction_session_timeout = 0;
SET client_encoding = 'UTF8';
SET standard_conforming_strings = on;
SELECT pg_catalog.set_config('search_path', '', false);
SET check_function_bodies = false;
SET xmloption = content;
SET client_min_messages = warning;
SET row_security = off;

--
-- TOC entry 5 (class 2615 OID 2200)
-- Name: public; Type: SCHEMA; Schema: -; Owner: cloudsqlsuperuser
--

-- *not* creating schema, since initdb creates it


ALTER SCHEMA public OWNER TO postgres;

SET default_tablespace = '';

SET default_table_access_method = heap;

--
-- TOC entry 226 (class 1259 OID 16604)
-- Name: accounts_class; Type: TABLE; Schema: public; Owner: postgres
--

CREATE TABLE public.accounts_class (
    id bigint NOT NULL,
    name character varying(50) NOT NULL,
    code character varying(20) NOT NULL,
    is_active boolean NOT NULL,
    is_open boolean NOT NULL,
    enroll_code character varying(50),
    instructor_id integer,
    semester_id bigint,
    subject_id bigint,
    is_deleted boolean NOT NULL
);


ALTER TABLE public.accounts_class OWNER TO postgres;

--
-- TOC entry 225 (class 1259 OID 16603)
-- Name: accounts_class_id_seq; Type: SEQUENCE; Schema: public; Owner: postgres
--

CREATE SEQUENCE public.accounts_class_id_seq
    START WITH 1
    INCREMENT BY 1
    NO MINVALUE
    NO MAXVALUE
    CACHE 1;


ALTER TABLE public.accounts_class_id_seq OWNER TO postgres;

--
-- TOC entry 4431 (class 0 OID 0)
-- Dependencies: 225
-- Name: accounts_class_id_seq; Type: SEQUENCE OWNED BY; Schema: public; Owner: postgres
--

ALTER SEQUENCE public.accounts_class_id_seq OWNED BY public.accounts_class.id;


--
-- TOC entry 273 (class 1259 OID 33087)
-- Name: accounts_class_langs; Type: TABLE; Schema: public; Owner: postgres
--

CREATE TABLE public.accounts_class_langs (
    id integer NOT NULL,
    class_id bigint NOT NULL,
    lang_id bigint NOT NULL
);


ALTER TABLE public.accounts_class_langs OWNER TO postgres;

--
-- TOC entry 272 (class 1259 OID 33086)
-- Name: accounts_class_langs_id_seq; Type: SEQUENCE; Schema: public; Owner: postgres
--

ALTER TABLE public.accounts_class_langs ALTER COLUMN id ADD GENERATED BY DEFAULT AS IDENTITY (
    SEQUENCE NAME public.accounts_class_langs_id_seq
    START WITH 1
    INCREMENT BY 1
    NO MINVALUE
    NO MAXVALUE
    CACHE 1
);


--
-- TOC entry 237 (class 1259 OID 16663)
-- Name: accounts_class_students; Type: TABLE; Schema: public; Owner: postgres
--

CREATE TABLE public.accounts_class_students (
    id integer NOT NULL,
    class_id bigint NOT NULL,
    user_id integer NOT NULL
);


ALTER TABLE public.accounts_class_students OWNER TO postgres;

--
-- TOC entry 236 (class 1259 OID 16662)
-- Name: accounts_class_students_id_seq; Type: SEQUENCE; Schema: public; Owner: postgres
--

CREATE SEQUENCE public.accounts_class_students_id_seq
    AS integer
    START WITH 1
    INCREMENT BY 1
    NO MINVALUE
    NO MAXVALUE
    CACHE 1;


ALTER TABLE public.accounts_class_students_id_seq OWNER TO postgres;

--
-- TOC entry 4432 (class 0 OID 0)
-- Dependencies: 236
-- Name: accounts_class_students_id_seq; Type: SEQUENCE OWNED BY; Schema: public; Owner: postgres
--

ALTER SEQUENCE public.accounts_class_students_id_seq OWNED BY public.accounts_class_students.id;


--
-- TOC entry 228 (class 1259 OID 16613)
-- Name: accounts_semester; Type: TABLE; Schema: public; Owner: postgres
--

CREATE TABLE public.accounts_semester (
    id bigint NOT NULL,
    date_start date NOT NULL,
    date_end date NOT NULL,
    name character varying(50) NOT NULL,
    is_deleted boolean NOT NULL,
    CONSTRAINT semester_start_lte_due CHECK ((date_start <= date_end))
);


ALTER TABLE public.accounts_semester OWNER TO postgres;

--
-- TOC entry 227 (class 1259 OID 16612)
-- Name: accounts_semester_id_seq; Type: SEQUENCE; Schema: public; Owner: postgres
--

CREATE SEQUENCE public.accounts_semester_id_seq
    START WITH 1
    INCREMENT BY 1
    NO MINVALUE
    NO MAXVALUE
    CACHE 1;


ALTER TABLE public.accounts_semester_id_seq OWNER TO postgres;

--
-- TOC entry 4433 (class 0 OID 0)
-- Dependencies: 227
-- Name: accounts_semester_id_seq; Type: SEQUENCE OWNED BY; Schema: public; Owner: postgres
--

ALTER SEQUENCE public.accounts_semester_id_seq OWNED BY public.accounts_semester.id;


--
-- TOC entry 231 (class 1259 OID 16629)
-- Name: accounts_subject; Type: TABLE; Schema: public; Owner: postgres
--

CREATE TABLE public.accounts_subject (
    id bigint NOT NULL,
    subject_code character varying(20) NOT NULL,
    name character varying(50) NOT NULL,
    is_deleted boolean NOT NULL
);


ALTER TABLE public.accounts_subject OWNER TO postgres;

--
-- TOC entry 230 (class 1259 OID 16628)
-- Name: accounts_subject_id_seq; Type: SEQUENCE; Schema: public; Owner: postgres
--

CREATE SEQUENCE public.accounts_subject_id_seq
    START WITH 1
    INCREMENT BY 1
    NO MINVALUE
    NO MAXVALUE
    CACHE 1;


ALTER TABLE public.accounts_subject_id_seq OWNER TO postgres;

--
-- TOC entry 4434 (class 0 OID 0)
-- Dependencies: 230
-- Name: accounts_subject_id_seq; Type: SEQUENCE OWNED BY; Schema: public; Owner: postgres
--

ALTER SEQUENCE public.accounts_subject_id_seq OWNED BY public.accounts_subject.id;


--
-- TOC entry 233 (class 1259 OID 16638)
-- Name: accounts_subject_students; Type: TABLE; Schema: public; Owner: postgres
--

CREATE TABLE public.accounts_subject_students (
    id integer NOT NULL,
    subject_id bigint NOT NULL,
    user_id integer NOT NULL
);


ALTER TABLE public.accounts_subject_students OWNER TO postgres;

--
-- TOC entry 232 (class 1259 OID 16637)
-- Name: accounts_subject_students_id_seq; Type: SEQUENCE; Schema: public; Owner: postgres
--

CREATE SEQUENCE public.accounts_subject_students_id_seq
    AS integer
    START WITH 1
    INCREMENT BY 1
    NO MINVALUE
    NO MAXVALUE
    CACHE 1;


ALTER TABLE public.accounts_subject_students_id_seq OWNER TO postgres;

--
-- TOC entry 4435 (class 0 OID 0)
-- Dependencies: 232
-- Name: accounts_subject_students_id_seq; Type: SEQUENCE OWNED BY; Schema: public; Owner: postgres
--

ALTER SEQUENCE public.accounts_subject_students_id_seq OWNED BY public.accounts_subject_students.id;


--
-- TOC entry 235 (class 1259 OID 16645)
-- Name: accounts_subject_teachers; Type: TABLE; Schema: public; Owner: postgres
--

CREATE TABLE public.accounts_subject_teachers (
    id integer NOT NULL,
    subject_id bigint NOT NULL,
    user_id integer NOT NULL
);


ALTER TABLE public.accounts_subject_teachers OWNER TO postgres;

--
-- TOC entry 234 (class 1259 OID 16644)
-- Name: accounts_subject_teachers_id_seq; Type: SEQUENCE; Schema: public; Owner: postgres
--

CREATE SEQUENCE public.accounts_subject_teachers_id_seq
    AS integer
    START WITH 1
    INCREMENT BY 1
    NO MINVALUE
    NO MAXVALUE
    CACHE 1;


ALTER TABLE public.accounts_subject_teachers_id_seq OWNER TO postgres;

--
-- TOC entry 4436 (class 0 OID 0)
-- Dependencies: 234
-- Name: accounts_subject_teachers_id_seq; Type: SEQUENCE OWNED BY; Schema: public; Owner: postgres
--

ALTER SEQUENCE public.accounts_subject_teachers_id_seq OWNED BY public.accounts_subject_teachers.id;


--
-- TOC entry 229 (class 1259 OID 16619)
-- Name: accounts_userprofile; Type: TABLE; Schema: public; Owner: postgres
--

CREATE TABLE public.accounts_userprofile (
    user_id integer NOT NULL,
    code character varying(255),
    bio text
);


ALTER TABLE public.accounts_userprofile OWNER TO postgres;

--
-- TOC entry 241 (class 1259 OID 16750)
-- Name: assignments_assignment; Type: TABLE; Schema: public; Owner: postgres
--

CREATE TABLE public.assignments_assignment (
    id bigint NOT NULL,
    title character varying(50) NOT NULL,
    assignment_code character varying(50) NOT NULL,
    description text NOT NULL,
    is_open boolean NOT NULL,
    start_date timestamp with time zone,
    due_date timestamp with time zone,
    io_file character varying(100),
    in_class_id bigint,
    is_deleted boolean NOT NULL,
    CONSTRAINT assignment_start_lte_due CHECK ((start_date <= due_date))
);


ALTER TABLE public.assignments_assignment OWNER TO postgres;

--
-- TOC entry 240 (class 1259 OID 16749)
-- Name: assignments_assignment_id_seq; Type: SEQUENCE; Schema: public; Owner: postgres
--

CREATE SEQUENCE public.assignments_assignment_id_seq
    START WITH 1
    INCREMENT BY 1
    NO MINVALUE
    NO MAXVALUE
    CACHE 1;


ALTER TABLE public.assignments_assignment_id_seq OWNER TO postgres;

--
-- TOC entry 4437 (class 0 OID 0)
-- Dependencies: 240
-- Name: assignments_assignment_id_seq; Type: SEQUENCE OWNED BY; Schema: public; Owner: postgres
--

ALTER SEQUENCE public.assignments_assignment_id_seq OWNED BY public.assignments_assignment.id;


--
-- TOC entry 271 (class 1259 OID 33063)
-- Name: assignments_assignment_langs; Type: TABLE; Schema: public; Owner: postgres
--

CREATE TABLE public.assignments_assignment_langs (
    id integer NOT NULL,
    assignment_id bigint NOT NULL,
    lang_id bigint NOT NULL
);


ALTER TABLE public.assignments_assignment_langs OWNER TO postgres;

--
-- TOC entry 270 (class 1259 OID 33062)
-- Name: assignments_assignment_langs_id_seq; Type: SEQUENCE; Schema: public; Owner: postgres
--

ALTER TABLE public.assignments_assignment_langs ALTER COLUMN id ADD GENERATED BY DEFAULT AS IDENTITY (
    SEQUENCE NAME public.assignments_assignment_langs_id_seq
    START WITH 1
    INCREMENT BY 1
    NO MINVALUE
    NO MAXVALUE
    CACHE 1
);


--
-- TOC entry 269 (class 1259 OID 33057)
-- Name: assignments_lang; Type: TABLE; Schema: public; Owner: postgres
--

CREATE TABLE public.assignments_lang (
    id bigint NOT NULL,
    name character varying(50) NOT NULL,
    display character varying(50) NOT NULL,
    is_deleted boolean NOT NULL
);


ALTER TABLE public.assignments_lang OWNER TO postgres;

--
-- TOC entry 268 (class 1259 OID 33056)
-- Name: assignments_lang_id_seq; Type: SEQUENCE; Schema: public; Owner: postgres
--

ALTER TABLE public.assignments_lang ALTER COLUMN id ADD GENERATED BY DEFAULT AS IDENTITY (
    SEQUENCE NAME public.assignments_lang_id_seq
    START WITH 1
    INCREMENT BY 1
    NO MINVALUE
    NO MAXVALUE
    CACHE 1
);


--
-- TOC entry 243 (class 1259 OID 16768)
-- Name: assignments_submission; Type: TABLE; Schema: public; Owner: postgres
--

CREATE TABLE public.assignments_submission (
    id bigint NOT NULL,
    content text NOT NULL,
    lang character varying(50) NOT NULL,
    status character varying(50),
    date timestamp with time zone NOT NULL,
    score double precision NOT NULL,
    assignment_id bigint NOT NULL,
    user_id integer NOT NULL,
    is_deleted boolean NOT NULL,
    CONSTRAINT submission_score_range CHECK (((score >= (0.0)::double precision) AND (score <= (10.0)::double precision)))
);


ALTER TABLE public.assignments_submission OWNER TO postgres;

--
-- TOC entry 242 (class 1259 OID 16767)
-- Name: assignments_submission_id_seq; Type: SEQUENCE; Schema: public; Owner: postgres
--

CREATE SEQUENCE public.assignments_submission_id_seq
    START WITH 1
    INCREMENT BY 1
    NO MINVALUE
    NO MAXVALUE
    CACHE 1;


ALTER TABLE public.assignments_submission_id_seq OWNER TO postgres;

--
-- TOC entry 4438 (class 0 OID 0)
-- Dependencies: 242
-- Name: assignments_submission_id_seq; Type: SEQUENCE OWNED BY; Schema: public; Owner: postgres
--

ALTER SEQUENCE public.assignments_submission_id_seq OWNED BY public.assignments_submission.id;


--
-- TOC entry 216 (class 1259 OID 16505)
-- Name: auth_group; Type: TABLE; Schema: public; Owner: postgres
--

CREATE TABLE public.auth_group (
    id integer NOT NULL,
    name character varying(150) NOT NULL
);


ALTER TABLE public.auth_group OWNER TO postgres;

--
-- TOC entry 215 (class 1259 OID 16504)
-- Name: auth_group_id_seq; Type: SEQUENCE; Schema: public; Owner: postgres
--

CREATE SEQUENCE public.auth_group_id_seq
    AS integer
    START WITH 1
    INCREMENT BY 1
    NO MINVALUE
    NO MAXVALUE
    CACHE 1;


ALTER TABLE public.auth_group_id_seq OWNER TO postgres;

--
-- TOC entry 4439 (class 0 OID 0)
-- Dependencies: 215
-- Name: auth_group_id_seq; Type: SEQUENCE OWNED BY; Schema: public; Owner: postgres
--

ALTER SEQUENCE public.auth_group_id_seq OWNED BY public.auth_group.id;


--
-- TOC entry 218 (class 1259 OID 16514)
-- Name: auth_group_permissions; Type: TABLE; Schema: public; Owner: postgres
--

CREATE TABLE public.auth_group_permissions (
    id integer NOT NULL,
    group_id integer NOT NULL,
    permission_id integer NOT NULL
);


ALTER TABLE public.auth_group_permissions OWNER TO postgres;

--
-- TOC entry 217 (class 1259 OID 16513)
-- Name: auth_group_permissions_id_seq; Type: SEQUENCE; Schema: public; Owner: postgres
--

CREATE SEQUENCE public.auth_group_permissions_id_seq
    AS integer
    START WITH 1
    INCREMENT BY 1
    NO MINVALUE
    NO MAXVALUE
    CACHE 1;


ALTER TABLE public.auth_group_permissions_id_seq OWNER TO postgres;

--
-- TOC entry 4440 (class 0 OID 0)
-- Dependencies: 217
-- Name: auth_group_permissions_id_seq; Type: SEQUENCE OWNED BY; Schema: public; Owner: postgres
--

ALTER SEQUENCE public.auth_group_permissions_id_seq OWNED BY public.auth_group_permissions.id;


--
-- TOC entry 214 (class 1259 OID 16498)
-- Name: auth_permission; Type: TABLE; Schema: public; Owner: postgres
--

CREATE TABLE public.auth_permission (
    id integer NOT NULL,
    name character varying(255) NOT NULL,
    content_type_id integer NOT NULL,
    codename character varying(100) NOT NULL
);


ALTER TABLE public.auth_permission OWNER TO postgres;

--
-- TOC entry 213 (class 1259 OID 16497)
-- Name: auth_permission_id_seq; Type: SEQUENCE; Schema: public; Owner: postgres
--

CREATE SEQUENCE public.auth_permission_id_seq
    AS integer
    START WITH 1
    INCREMENT BY 1
    NO MINVALUE
    NO MAXVALUE
    CACHE 1;


ALTER TABLE public.auth_permission_id_seq OWNER TO postgres;

--
-- TOC entry 4441 (class 0 OID 0)
-- Dependencies: 213
-- Name: auth_permission_id_seq; Type: SEQUENCE OWNED BY; Schema: public; Owner: postgres
--

ALTER SEQUENCE public.auth_permission_id_seq OWNED BY public.auth_permission.id;


--
-- TOC entry 220 (class 1259 OID 16521)
-- Name: auth_user; Type: TABLE; Schema: public; Owner: postgres
--

CREATE TABLE public.auth_user (
    id integer NOT NULL,
    password character varying(128) NOT NULL,
    last_login timestamp with time zone,
    is_superuser boolean NOT NULL,
    username character varying(150) NOT NULL,
    first_name character varying(150) NOT NULL,
    last_name character varying(150) NOT NULL,
    email character varying(254) NOT NULL,
    is_staff boolean NOT NULL,
    is_active boolean NOT NULL,
    date_joined timestamp with time zone NOT NULL
);


ALTER TABLE public.auth_user OWNER TO postgres;

--
-- TOC entry 222 (class 1259 OID 16530)
-- Name: auth_user_groups; Type: TABLE; Schema: public; Owner: postgres
--

CREATE TABLE public.auth_user_groups (
    id integer NOT NULL,
    user_id integer NOT NULL,
    group_id integer NOT NULL
);


ALTER TABLE public.auth_user_groups OWNER TO postgres;

--
-- TOC entry 221 (class 1259 OID 16529)
-- Name: auth_user_groups_id_seq; Type: SEQUENCE; Schema: public; Owner: postgres
--

CREATE SEQUENCE public.auth_user_groups_id_seq
    AS integer
    START WITH 1
    INCREMENT BY 1
    NO MINVALUE
    NO MAXVALUE
    CACHE 1;


ALTER TABLE public.auth_user_groups_id_seq OWNER TO postgres;

--
-- TOC entry 4442 (class 0 OID 0)
-- Dependencies: 221
-- Name: auth_user_groups_id_seq; Type: SEQUENCE OWNED BY; Schema: public; Owner: postgres
--

ALTER SEQUENCE public.auth_user_groups_id_seq OWNED BY public.auth_user_groups.id;


--
-- TOC entry 219 (class 1259 OID 16520)
-- Name: auth_user_id_seq; Type: SEQUENCE; Schema: public; Owner: postgres
--

CREATE SEQUENCE public.auth_user_id_seq
    AS integer
    START WITH 1
    INCREMENT BY 1
    NO MINVALUE
    NO MAXVALUE
    CACHE 1;


ALTER TABLE public.auth_user_id_seq OWNER TO postgres;

--
-- TOC entry 4443 (class 0 OID 0)
-- Dependencies: 219
-- Name: auth_user_id_seq; Type: SEQUENCE OWNED BY; Schema: public; Owner: postgres
--

ALTER SEQUENCE public.auth_user_id_seq OWNED BY public.auth_user.id;


--
-- TOC entry 224 (class 1259 OID 16537)
-- Name: auth_user_user_permissions; Type: TABLE; Schema: public; Owner: postgres
--

CREATE TABLE public.auth_user_user_permissions (
    id integer NOT NULL,
    user_id integer NOT NULL,
    permission_id integer NOT NULL
);


ALTER TABLE public.auth_user_user_permissions OWNER TO postgres;

--
-- TOC entry 223 (class 1259 OID 16536)
-- Name: auth_user_user_permissions_id_seq; Type: SEQUENCE; Schema: public; Owner: postgres
--

CREATE SEQUENCE public.auth_user_user_permissions_id_seq
    AS integer
    START WITH 1
    INCREMENT BY 1
    NO MINVALUE
    NO MAXVALUE
    CACHE 1;


ALTER TABLE public.auth_user_user_permissions_id_seq OWNER TO postgres;

--
-- TOC entry 4444 (class 0 OID 0)
-- Dependencies: 223
-- Name: auth_user_user_permissions_id_seq; Type: SEQUENCE OWNED BY; Schema: public; Owner: postgres
--

ALTER SEQUENCE public.auth_user_user_permissions_id_seq OWNED BY public.auth_user_user_permissions.id;


--
-- TOC entry 239 (class 1259 OID 16728)
-- Name: django_admin_log; Type: TABLE; Schema: public; Owner: postgres
--

CREATE TABLE public.django_admin_log (
    id integer NOT NULL,
    action_time timestamp with time zone NOT NULL,
    object_id text,
    object_repr character varying(200) NOT NULL,
    action_flag smallint NOT NULL,
    change_message text NOT NULL,
    content_type_id integer,
    user_id integer NOT NULL,
    CONSTRAINT django_admin_log_action_flag_check CHECK ((action_flag >= 0))
);


ALTER TABLE public.django_admin_log OWNER TO postgres;

--
-- TOC entry 238 (class 1259 OID 16727)
-- Name: django_admin_log_id_seq; Type: SEQUENCE; Schema: public; Owner: postgres
--

CREATE SEQUENCE public.django_admin_log_id_seq
    AS integer
    START WITH 1
    INCREMENT BY 1
    NO MINVALUE
    NO MAXVALUE
    CACHE 1;


ALTER TABLE public.django_admin_log_id_seq OWNER TO postgres;

--
-- TOC entry 4445 (class 0 OID 0)
-- Dependencies: 238
-- Name: django_admin_log_id_seq; Type: SEQUENCE OWNED BY; Schema: public; Owner: postgres
--

ALTER SEQUENCE public.django_admin_log_id_seq OWNED BY public.django_admin_log.id;


--
-- TOC entry 212 (class 1259 OID 16489)
-- Name: django_content_type; Type: TABLE; Schema: public; Owner: postgres
--

CREATE TABLE public.django_content_type (
    id integer NOT NULL,
    app_label character varying(100) NOT NULL,
    model character varying(100) NOT NULL
);


ALTER TABLE public.django_content_type OWNER TO postgres;

--
-- TOC entry 211 (class 1259 OID 16488)
-- Name: django_content_type_id_seq; Type: SEQUENCE; Schema: public; Owner: postgres
--

CREATE SEQUENCE public.django_content_type_id_seq
    AS integer
    START WITH 1
    INCREMENT BY 1
    NO MINVALUE
    NO MAXVALUE
    CACHE 1;


ALTER TABLE public.django_content_type_id_seq OWNER TO postgres;

--
-- TOC entry 4446 (class 0 OID 0)
-- Dependencies: 211
-- Name: django_content_type_id_seq; Type: SEQUENCE OWNED BY; Schema: public; Owner: postgres
--

ALTER SEQUENCE public.django_content_type_id_seq OWNED BY public.django_content_type.id;


--
-- TOC entry 210 (class 1259 OID 16480)
-- Name: django_migrations; Type: TABLE; Schema: public; Owner: postgres
--

CREATE TABLE public.django_migrations (
    id integer NOT NULL,
    app character varying(255) NOT NULL,
    name character varying(255) NOT NULL,
    applied timestamp with time zone NOT NULL
);


ALTER TABLE public.django_migrations OWNER TO postgres;

--
-- TOC entry 209 (class 1259 OID 16479)
-- Name: django_migrations_id_seq; Type: SEQUENCE; Schema: public; Owner: postgres
--

CREATE SEQUENCE public.django_migrations_id_seq
    AS integer
    START WITH 1
    INCREMENT BY 1
    NO MINVALUE
    NO MAXVALUE
    CACHE 1;


ALTER TABLE public.django_migrations_id_seq OWNER TO postgres;

--
-- TOC entry 4447 (class 0 OID 0)
-- Dependencies: 209
-- Name: django_migrations_id_seq; Type: SEQUENCE OWNED BY; Schema: public; Owner: postgres
--

ALTER SEQUENCE public.django_migrations_id_seq OWNED BY public.django_migrations.id;


--
-- TOC entry 255 (class 1259 OID 16988)
-- Name: django_session; Type: TABLE; Schema: public; Owner: postgres
--

CREATE TABLE public.django_session (
    session_key character varying(40) NOT NULL,
    session_data text NOT NULL,
    expire_date timestamp with time zone NOT NULL
);


ALTER TABLE public.django_session OWNER TO postgres;

--
-- TOC entry 244 (class 1259 OID 16829)
-- Name: knox_authtoken; Type: TABLE; Schema: public; Owner: postgres
--

CREATE TABLE public.knox_authtoken (
    digest character varying(128) NOT NULL,
    created timestamp with time zone NOT NULL,
    user_id integer NOT NULL,
    expiry timestamp with time zone,
    token_key character varying(8) NOT NULL
);


ALTER TABLE public.knox_authtoken OWNER TO postgres;

--
-- TOC entry 248 (class 1259 OID 16862)
-- Name: oauth2_provider_accesstoken; Type: TABLE; Schema: public; Owner: postgres
--

CREATE TABLE public.oauth2_provider_accesstoken (
    id bigint NOT NULL,
    token character varying(255) NOT NULL,
    expires timestamp with time zone NOT NULL,
    scope text NOT NULL,
    application_id bigint,
    user_id integer,
    created timestamp with time zone NOT NULL,
    updated timestamp with time zone NOT NULL,
    source_refresh_token_id bigint,
    id_token_id bigint
);


ALTER TABLE public.oauth2_provider_accesstoken OWNER TO postgres;

--
-- TOC entry 247 (class 1259 OID 16861)
-- Name: oauth2_provider_accesstoken_id_seq; Type: SEQUENCE; Schema: public; Owner: postgres
--

CREATE SEQUENCE public.oauth2_provider_accesstoken_id_seq
    START WITH 1
    INCREMENT BY 1
    NO MINVALUE
    NO MAXVALUE
    CACHE 1;


ALTER TABLE public.oauth2_provider_accesstoken_id_seq OWNER TO postgres;

--
-- TOC entry 4448 (class 0 OID 0)
-- Dependencies: 247
-- Name: oauth2_provider_accesstoken_id_seq; Type: SEQUENCE OWNED BY; Schema: public; Owner: postgres
--

ALTER SEQUENCE public.oauth2_provider_accesstoken_id_seq OWNED BY public.oauth2_provider_accesstoken.id;


--
-- TOC entry 246 (class 1259 OID 16851)
-- Name: oauth2_provider_application; Type: TABLE; Schema: public; Owner: postgres
--

CREATE TABLE public.oauth2_provider_application (
    id bigint NOT NULL,
    client_id character varying(100) NOT NULL,
    redirect_uris text NOT NULL,
    client_type character varying(32) NOT NULL,
    authorization_grant_type character varying(32) NOT NULL,
    client_secret character varying(255) NOT NULL,
    name character varying(255) NOT NULL,
    user_id integer,
    skip_authorization boolean NOT NULL,
    created timestamp with time zone NOT NULL,
    updated timestamp with time zone NOT NULL,
    algorithm character varying(5) NOT NULL
);


ALTER TABLE public.oauth2_provider_application OWNER TO postgres;

--
-- TOC entry 245 (class 1259 OID 16850)
-- Name: oauth2_provider_application_id_seq; Type: SEQUENCE; Schema: public; Owner: postgres
--

CREATE SEQUENCE public.oauth2_provider_application_id_seq
    START WITH 1
    INCREMENT BY 1
    NO MINVALUE
    NO MAXVALUE
    CACHE 1;


ALTER TABLE public.oauth2_provider_application_id_seq OWNER TO postgres;

--
-- TOC entry 4449 (class 0 OID 0)
-- Dependencies: 245
-- Name: oauth2_provider_application_id_seq; Type: SEQUENCE OWNED BY; Schema: public; Owner: postgres
--

ALTER SEQUENCE public.oauth2_provider_application_id_seq OWNED BY public.oauth2_provider_application.id;


--
-- TOC entry 250 (class 1259 OID 16873)
-- Name: oauth2_provider_grant; Type: TABLE; Schema: public; Owner: postgres
--

CREATE TABLE public.oauth2_provider_grant (
    id bigint NOT NULL,
    code character varying(255) NOT NULL,
    expires timestamp with time zone NOT NULL,
    redirect_uri text NOT NULL,
    scope text NOT NULL,
    application_id bigint NOT NULL,
    user_id integer NOT NULL,
    created timestamp with time zone NOT NULL,
    updated timestamp with time zone NOT NULL,
    code_challenge character varying(128) NOT NULL,
    code_challenge_method character varying(10) NOT NULL,
    nonce character varying(255) NOT NULL,
    claims text NOT NULL
);


ALTER TABLE public.oauth2_provider_grant OWNER TO postgres;

--
-- TOC entry 249 (class 1259 OID 16872)
-- Name: oauth2_provider_grant_id_seq; Type: SEQUENCE; Schema: public; Owner: postgres
--

CREATE SEQUENCE public.oauth2_provider_grant_id_seq
    START WITH 1
    INCREMENT BY 1
    NO MINVALUE
    NO MAXVALUE
    CACHE 1;


ALTER TABLE public.oauth2_provider_grant_id_seq OWNER TO postgres;

--
-- TOC entry 4450 (class 0 OID 0)
-- Dependencies: 249
-- Name: oauth2_provider_grant_id_seq; Type: SEQUENCE OWNED BY; Schema: public; Owner: postgres
--

ALTER SEQUENCE public.oauth2_provider_grant_id_seq OWNED BY public.oauth2_provider_grant.id;


--
-- TOC entry 254 (class 1259 OID 16957)
-- Name: oauth2_provider_idtoken; Type: TABLE; Schema: public; Owner: postgres
--

CREATE TABLE public.oauth2_provider_idtoken (
    id bigint NOT NULL,
    jti uuid NOT NULL,
    expires timestamp with time zone NOT NULL,
    scope text NOT NULL,
    created timestamp with time zone NOT NULL,
    updated timestamp with time zone NOT NULL,
    application_id bigint,
    user_id integer
);


ALTER TABLE public.oauth2_provider_idtoken OWNER TO postgres;

--
-- TOC entry 253 (class 1259 OID 16956)
-- Name: oauth2_provider_idtoken_id_seq; Type: SEQUENCE; Schema: public; Owner: postgres
--

CREATE SEQUENCE public.oauth2_provider_idtoken_id_seq
    START WITH 1
    INCREMENT BY 1
    NO MINVALUE
    NO MAXVALUE
    CACHE 1;


ALTER TABLE public.oauth2_provider_idtoken_id_seq OWNER TO postgres;

--
-- TOC entry 4451 (class 0 OID 0)
-- Dependencies: 253
-- Name: oauth2_provider_idtoken_id_seq; Type: SEQUENCE OWNED BY; Schema: public; Owner: postgres
--

ALTER SEQUENCE public.oauth2_provider_idtoken_id_seq OWNED BY public.oauth2_provider_idtoken.id;


--
-- TOC entry 252 (class 1259 OID 16884)
-- Name: oauth2_provider_refreshtoken; Type: TABLE; Schema: public; Owner: postgres
--

CREATE TABLE public.oauth2_provider_refreshtoken (
    id bigint NOT NULL,
    token character varying(255) NOT NULL,
    access_token_id bigint,
    application_id bigint NOT NULL,
    user_id integer NOT NULL,
    created timestamp with time zone NOT NULL,
    updated timestamp with time zone NOT NULL,
    revoked timestamp with time zone
);


ALTER TABLE public.oauth2_provider_refreshtoken OWNER TO postgres;

--
-- TOC entry 251 (class 1259 OID 16883)
-- Name: oauth2_provider_refreshtoken_id_seq; Type: SEQUENCE; Schema: public; Owner: postgres
--

CREATE SEQUENCE public.oauth2_provider_refreshtoken_id_seq
    START WITH 1
    INCREMENT BY 1
    NO MINVALUE
    NO MAXVALUE
    CACHE 1;


ALTER TABLE public.oauth2_provider_refreshtoken_id_seq OWNER TO postgres;

--
-- TOC entry 4452 (class 0 OID 0)
-- Dependencies: 251
-- Name: oauth2_provider_refreshtoken_id_seq; Type: SEQUENCE OWNED BY; Schema: public; Owner: postgres
--

ALTER SEQUENCE public.oauth2_provider_refreshtoken_id_seq OWNED BY public.oauth2_provider_refreshtoken.id;


--
-- TOC entry 256 (class 1259 OID 16998)
-- Name: social_auth_association; Type: TABLE; Schema: public; Owner: postgres
--

CREATE TABLE public.social_auth_association (
    id bigint NOT NULL,
    server_url character varying(255) NOT NULL,
    handle character varying(255) NOT NULL,
    secret character varying(255) NOT NULL,
    issued integer NOT NULL,
    lifetime integer NOT NULL,
    assoc_type character varying(64) NOT NULL
);


ALTER TABLE public.social_auth_association OWNER TO postgres;

--
-- TOC entry 261 (class 1259 OID 17078)
-- Name: social_auth_association_id_seq; Type: SEQUENCE; Schema: public; Owner: postgres
--

CREATE SEQUENCE public.social_auth_association_id_seq
    START WITH 1
    INCREMENT BY 1
    NO MINVALUE
    NO MAXVALUE
    CACHE 1;


ALTER TABLE public.social_auth_association_id_seq OWNER TO postgres;

--
-- TOC entry 4453 (class 0 OID 0)
-- Dependencies: 261
-- Name: social_auth_association_id_seq; Type: SEQUENCE OWNED BY; Schema: public; Owner: postgres
--

ALTER SEQUENCE public.social_auth_association_id_seq OWNED BY public.social_auth_association.id;


--
-- TOC entry 257 (class 1259 OID 17007)
-- Name: social_auth_code; Type: TABLE; Schema: public; Owner: postgres
--

CREATE TABLE public.social_auth_code (
    id bigint NOT NULL,
    email character varying(254) NOT NULL,
    code character varying(32) NOT NULL,
    verified boolean NOT NULL,
    "timestamp" timestamp with time zone NOT NULL
);


ALTER TABLE public.social_auth_code OWNER TO postgres;

--
-- TOC entry 262 (class 1259 OID 17091)
-- Name: social_auth_code_id_seq; Type: SEQUENCE; Schema: public; Owner: postgres
--

CREATE SEQUENCE public.social_auth_code_id_seq
    START WITH 1
    INCREMENT BY 1
    NO MINVALUE
    NO MAXVALUE
    CACHE 1;


ALTER TABLE public.social_auth_code_id_seq OWNER TO postgres;

--
-- TOC entry 4454 (class 0 OID 0)
-- Dependencies: 262
-- Name: social_auth_code_id_seq; Type: SEQUENCE OWNED BY; Schema: public; Owner: postgres
--

ALTER SEQUENCE public.social_auth_code_id_seq OWNED BY public.social_auth_code.id;


--
-- TOC entry 258 (class 1259 OID 17014)
-- Name: social_auth_nonce; Type: TABLE; Schema: public; Owner: postgres
--

CREATE TABLE public.social_auth_nonce (
    id bigint NOT NULL,
    server_url character varying(255) NOT NULL,
    "timestamp" integer NOT NULL,
    salt character varying(65) NOT NULL
);


ALTER TABLE public.social_auth_nonce OWNER TO postgres;

--
-- TOC entry 263 (class 1259 OID 17101)
-- Name: social_auth_nonce_id_seq; Type: SEQUENCE; Schema: public; Owner: postgres
--

CREATE SEQUENCE public.social_auth_nonce_id_seq
    START WITH 1
    INCREMENT BY 1
    NO MINVALUE
    NO MAXVALUE
    CACHE 1;


ALTER TABLE public.social_auth_nonce_id_seq OWNER TO postgres;

--
-- TOC entry 4455 (class 0 OID 0)
-- Dependencies: 263
-- Name: social_auth_nonce_id_seq; Type: SEQUENCE OWNED BY; Schema: public; Owner: postgres
--

ALTER SEQUENCE public.social_auth_nonce_id_seq OWNED BY public.social_auth_nonce.id;


--
-- TOC entry 260 (class 1259 OID 17048)
-- Name: social_auth_partial; Type: TABLE; Schema: public; Owner: postgres
--

CREATE TABLE public.social_auth_partial (
    id bigint NOT NULL,
    token character varying(32) NOT NULL,
    next_step smallint NOT NULL,
    backend character varying(32) NOT NULL,
    data text NOT NULL,
    "timestamp" timestamp with time zone NOT NULL,
    CONSTRAINT social_auth_partial_next_step_check CHECK ((next_step >= 0))
);


ALTER TABLE public.social_auth_partial OWNER TO postgres;

--
-- TOC entry 264 (class 1259 OID 17115)
-- Name: social_auth_partial_id_seq; Type: SEQUENCE; Schema: public; Owner: postgres
--

CREATE SEQUENCE public.social_auth_partial_id_seq
    START WITH 1
    INCREMENT BY 1
    NO MINVALUE
    NO MAXVALUE
    CACHE 1;


ALTER TABLE public.social_auth_partial_id_seq OWNER TO postgres;

--
-- TOC entry 4456 (class 0 OID 0)
-- Dependencies: 264
-- Name: social_auth_partial_id_seq; Type: SEQUENCE OWNED BY; Schema: public; Owner: postgres
--

ALTER SEQUENCE public.social_auth_partial_id_seq OWNED BY public.social_auth_partial.id;


--
-- TOC entry 259 (class 1259 OID 17021)
-- Name: social_auth_usersocialauth; Type: TABLE; Schema: public; Owner: postgres
--

CREATE TABLE public.social_auth_usersocialauth (
    id bigint NOT NULL,
    provider character varying(32) NOT NULL,
    uid character varying(255) NOT NULL,
    extra_data text NOT NULL,
    user_id integer NOT NULL,
    created timestamp with time zone NOT NULL,
    modified timestamp with time zone NOT NULL
);


ALTER TABLE public.social_auth_usersocialauth OWNER TO postgres;

--
-- TOC entry 265 (class 1259 OID 17130)
-- Name: social_auth_usersocialauth_id_seq; Type: SEQUENCE; Schema: public; Owner: postgres
--

CREATE SEQUENCE public.social_auth_usersocialauth_id_seq
    START WITH 1
    INCREMENT BY 1
    NO MINVALUE
    NO MAXVALUE
    CACHE 1;


ALTER TABLE public.social_auth_usersocialauth_id_seq OWNER TO postgres;

--
-- TOC entry 4457 (class 0 OID 0)
-- Dependencies: 265
-- Name: social_auth_usersocialauth_id_seq; Type: SEQUENCE OWNED BY; Schema: public; Owner: postgres
--

ALTER SEQUENCE public.social_auth_usersocialauth_id_seq OWNED BY public.social_auth_usersocialauth.id;


--
-- TOC entry 267 (class 1259 OID 17133)
-- Name: utils_fileupload; Type: TABLE; Schema: public; Owner: postgres
--

CREATE TABLE public.utils_fileupload (
    id bigint NOT NULL,
    owner character varying(250) NOT NULL,
    file character varying(100) NOT NULL,
    created timestamp with time zone NOT NULL
);


ALTER TABLE public.utils_fileupload OWNER TO postgres;

--
-- TOC entry 266 (class 1259 OID 17132)
-- Name: utils_fileupload_id_seq; Type: SEQUENCE; Schema: public; Owner: postgres
--

CREATE SEQUENCE public.utils_fileupload_id_seq
    START WITH 1
    INCREMENT BY 1
    NO MINVALUE
    NO MAXVALUE
    CACHE 1;


ALTER TABLE public.utils_fileupload_id_seq OWNER TO postgres;

--
-- TOC entry 4458 (class 0 OID 0)
-- Dependencies: 266
-- Name: utils_fileupload_id_seq; Type: SEQUENCE OWNED BY; Schema: public; Owner: postgres
--

ALTER SEQUENCE public.utils_fileupload_id_seq OWNED BY public.utils_fileupload.id;


--
-- TOC entry 3958 (class 2604 OID 16607)
-- Name: accounts_class id; Type: DEFAULT; Schema: public; Owner: postgres
--

ALTER TABLE ONLY public.accounts_class ALTER COLUMN id SET DEFAULT nextval('public.accounts_class_id_seq'::regclass);


--
-- TOC entry 3963 (class 2604 OID 16666)
-- Name: accounts_class_students id; Type: DEFAULT; Schema: public; Owner: postgres
--

ALTER TABLE ONLY public.accounts_class_students ALTER COLUMN id SET DEFAULT nextval('public.accounts_class_students_id_seq'::regclass);


--
-- TOC entry 3959 (class 2604 OID 16616)
-- Name: accounts_semester id; Type: DEFAULT; Schema: public; Owner: postgres
--

ALTER TABLE ONLY public.accounts_semester ALTER COLUMN id SET DEFAULT nextval('public.accounts_semester_id_seq'::regclass);


--
-- TOC entry 3960 (class 2604 OID 16632)
-- Name: accounts_subject id; Type: DEFAULT; Schema: public; Owner: postgres
--

ALTER TABLE ONLY public.accounts_subject ALTER COLUMN id SET DEFAULT nextval('public.accounts_subject_id_seq'::regclass);


--
-- TOC entry 3961 (class 2604 OID 16641)
-- Name: accounts_subject_students id; Type: DEFAULT; Schema: public; Owner: postgres
--

ALTER TABLE ONLY public.accounts_subject_students ALTER COLUMN id SET DEFAULT nextval('public.accounts_subject_students_id_seq'::regclass);


--
-- TOC entry 3962 (class 2604 OID 16648)
-- Name: accounts_subject_teachers id; Type: DEFAULT; Schema: public; Owner: postgres
--

ALTER TABLE ONLY public.accounts_subject_teachers ALTER COLUMN id SET DEFAULT nextval('public.accounts_subject_teachers_id_seq'::regclass);


--
-- TOC entry 3965 (class 2604 OID 16753)
-- Name: assignments_assignment id; Type: DEFAULT; Schema: public; Owner: postgres
--

ALTER TABLE ONLY public.assignments_assignment ALTER COLUMN id SET DEFAULT nextval('public.assignments_assignment_id_seq'::regclass);


--
-- TOC entry 3966 (class 2604 OID 16771)
-- Name: assignments_submission id; Type: DEFAULT; Schema: public; Owner: postgres
--

ALTER TABLE ONLY public.assignments_submission ALTER COLUMN id SET DEFAULT nextval('public.assignments_submission_id_seq'::regclass);


--
-- TOC entry 3953 (class 2604 OID 16508)
-- Name: auth_group id; Type: DEFAULT; Schema: public; Owner: postgres
--

ALTER TABLE ONLY public.auth_group ALTER COLUMN id SET DEFAULT nextval('public.auth_group_id_seq'::regclass);


--
-- TOC entry 3954 (class 2604 OID 16517)
-- Name: auth_group_permissions id; Type: DEFAULT; Schema: public; Owner: postgres
--

ALTER TABLE ONLY public.auth_group_permissions ALTER COLUMN id SET DEFAULT nextval('public.auth_group_permissions_id_seq'::regclass);


--
-- TOC entry 3952 (class 2604 OID 16501)
-- Name: auth_permission id; Type: DEFAULT; Schema: public; Owner: postgres
--

ALTER TABLE ONLY public.auth_permission ALTER COLUMN id SET DEFAULT nextval('public.auth_permission_id_seq'::regclass);


--
-- TOC entry 3955 (class 2604 OID 16524)
-- Name: auth_user id; Type: DEFAULT; Schema: public; Owner: postgres
--

ALTER TABLE ONLY public.auth_user ALTER COLUMN id SET DEFAULT nextval('public.auth_user_id_seq'::regclass);


--
-- TOC entry 3956 (class 2604 OID 16533)
-- Name: auth_user_groups id; Type: DEFAULT; Schema: public; Owner: postgres
--

ALTER TABLE ONLY public.auth_user_groups ALTER COLUMN id SET DEFAULT nextval('public.auth_user_groups_id_seq'::regclass);


--
-- TOC entry 3957 (class 2604 OID 16540)
-- Name: auth_user_user_permissions id; Type: DEFAULT; Schema: public; Owner: postgres
--

ALTER TABLE ONLY public.auth_user_user_permissions ALTER COLUMN id SET DEFAULT nextval('public.auth_user_user_permissions_id_seq'::regclass);


--
-- TOC entry 3964 (class 2604 OID 16731)
-- Name: django_admin_log id; Type: DEFAULT; Schema: public; Owner: postgres
--

ALTER TABLE ONLY public.django_admin_log ALTER COLUMN id SET DEFAULT nextval('public.django_admin_log_id_seq'::regclass);


--
-- TOC entry 3951 (class 2604 OID 16492)
-- Name: django_content_type id; Type: DEFAULT; Schema: public; Owner: postgres
--

ALTER TABLE ONLY public.django_content_type ALTER COLUMN id SET DEFAULT nextval('public.django_content_type_id_seq'::regclass);


--
-- TOC entry 3950 (class 2604 OID 16483)
-- Name: django_migrations id; Type: DEFAULT; Schema: public; Owner: postgres
--

ALTER TABLE ONLY public.django_migrations ALTER COLUMN id SET DEFAULT nextval('public.django_migrations_id_seq'::regclass);


--
-- TOC entry 3968 (class 2604 OID 16865)
-- Name: oauth2_provider_accesstoken id; Type: DEFAULT; Schema: public; Owner: postgres
--

ALTER TABLE ONLY public.oauth2_provider_accesstoken ALTER COLUMN id SET DEFAULT nextval('public.oauth2_provider_accesstoken_id_seq'::regclass);


--
-- TOC entry 3967 (class 2604 OID 16854)
-- Name: oauth2_provider_application id; Type: DEFAULT; Schema: public; Owner: postgres
--

ALTER TABLE ONLY public.oauth2_provider_application ALTER COLUMN id SET DEFAULT nextval('public.oauth2_provider_application_id_seq'::regclass);


--
-- TOC entry 3969 (class 2604 OID 16876)
-- Name: oauth2_provider_grant id; Type: DEFAULT; Schema: public; Owner: postgres
--

ALTER TABLE ONLY public.oauth2_provider_grant ALTER COLUMN id SET DEFAULT nextval('public.oauth2_provider_grant_id_seq'::regclass);


--
-- TOC entry 3971 (class 2604 OID 16960)
-- Name: oauth2_provider_idtoken id; Type: DEFAULT; Schema: public; Owner: postgres
--

ALTER TABLE ONLY public.oauth2_provider_idtoken ALTER COLUMN id SET DEFAULT nextval('public.oauth2_provider_idtoken_id_seq'::regclass);


--
-- TOC entry 3970 (class 2604 OID 16887)
-- Name: oauth2_provider_refreshtoken id; Type: DEFAULT; Schema: public; Owner: postgres
--

ALTER TABLE ONLY public.oauth2_provider_refreshtoken ALTER COLUMN id SET DEFAULT nextval('public.oauth2_provider_refreshtoken_id_seq'::regclass);


--
-- TOC entry 3972 (class 2604 OID 17079)
-- Name: social_auth_association id; Type: DEFAULT; Schema: public; Owner: postgres
--

ALTER TABLE ONLY public.social_auth_association ALTER COLUMN id SET DEFAULT nextval('public.social_auth_association_id_seq'::regclass);


--
-- TOC entry 3973 (class 2604 OID 17092)
-- Name: social_auth_code id; Type: DEFAULT; Schema: public; Owner: postgres
--

ALTER TABLE ONLY public.social_auth_code ALTER COLUMN id SET DEFAULT nextval('public.social_auth_code_id_seq'::regclass);


--
-- TOC entry 3974 (class 2604 OID 17102)
-- Name: social_auth_nonce id; Type: DEFAULT; Schema: public; Owner: postgres
--

ALTER TABLE ONLY public.social_auth_nonce ALTER COLUMN id SET DEFAULT nextval('public.social_auth_nonce_id_seq'::regclass);


--
-- TOC entry 3976 (class 2604 OID 17116)
-- Name: social_auth_partial id; Type: DEFAULT; Schema: public; Owner: postgres
--

ALTER TABLE ONLY public.social_auth_partial ALTER COLUMN id SET DEFAULT nextval('public.social_auth_partial_id_seq'::regclass);


--
-- TOC entry 3975 (class 2604 OID 17131)
-- Name: social_auth_usersocialauth id; Type: DEFAULT; Schema: public; Owner: postgres
--

ALTER TABLE ONLY public.social_auth_usersocialauth ALTER COLUMN id SET DEFAULT nextval('public.social_auth_usersocialauth_id_seq'::regclass);


--
-- TOC entry 3977 (class 2604 OID 17136)
-- Name: utils_fileupload id; Type: DEFAULT; Schema: public; Owner: postgres
--

ALTER TABLE ONLY public.utils_fileupload ALTER COLUMN id SET DEFAULT nextval('public.utils_fileupload_id_seq'::regclass);


--
-- TOC entry 4365 (class 0 OID 16604)
-- Dependencies: 226
-- Data for Name: accounts_class; Type: TABLE DATA; Schema: public; Owner: postgres
--

INSERT INTO public.accounts_class VALUES (17, 'SE1513-PYP101-APHL', 'SE1513-PYP101-APHL', true, true, '5yn2jC', 11, 2, 1, false);
INSERT INTO public.accounts_class VALUES (21, 'SE1414 Object Oriented Programming Intro', 'SE1414_PRO192', true, true, '12345', 11, 4, 2, false);
INSERT INTO public.accounts_class VALUES (3, 'SE1801_PRN292', 'SE1801_PRN292', true, true, 'abc', 9, 2, 3, false);
INSERT INTO public.accounts_class VALUES (2, 'SE1717 C Intro', 'SE1717_PRF192', true, true, '3333', 1, 1, 4, false);
INSERT INTO public.accounts_class VALUES (22, 'SE12121_C', 'SE12121_C', true, true, '3Z5Azf', 11, 5, 4, false);
INSERT INTO public.accounts_class VALUES (23, 'SE1212_C_Sharp', 'SE1212_C_Sharp', true, true, 'YcIsO5', 11, 1, 4, false);
INSERT INTO public.accounts_class VALUES (5, 'SE1420 Python Intro', 'SE1420_PY201', true, true, '333', 11, 3, 1, false);
INSERT INTO public.accounts_class VALUES (1, 'SE1515 Intro to Py', 'SE1515_PY101', true, true, '1111', 1, 1, 1, true);
INSERT INTO public.accounts_class VALUES (4, 'SE1411_PY101', 'SE1411_PY101', true, true, '333', 11, 3, 1, false);
INSERT INTO public.accounts_class VALUES (16, 'SE1512-CSD201-APHL', 'SE1512-CSD201-APHL', true, true, 'ajaXaS', 11, 2, 6, false);
INSERT INTO public.accounts_class VALUES (24, 'SE1512-CSD201-BETA', 'SE1512-CSD201-BETA', true, true, 'BKp4YB', 11, 2, 6, false);
INSERT INTO public.accounts_class VALUES (18, 'SE1514-PYP101-APHL', 'SE1514-PYP101-APHL', true, true, 'vhdsef', 11, 2, 1, false);
INSERT INTO public.accounts_class VALUES (19, 'SE1515-PYP101-APHL', 'SE1515-PYP101-APHL', true, true, 'fNDcK3', 11, 2, 1, false);
INSERT INTO public.accounts_class VALUES (20, 'SE1516-PYP101-APHL', 'SE1516-PYP101-APHL', true, true, 'imiiag', 11, 2, 1, false);


--
-- TOC entry 4412 (class 0 OID 33087)
-- Dependencies: 273
-- Data for Name: accounts_class_langs; Type: TABLE DATA; Schema: public; Owner: postgres
--

INSERT INTO public.accounts_class_langs VALUES (1, 20, 9);
INSERT INTO public.accounts_class_langs VALUES (2, 20, 2);
INSERT INTO public.accounts_class_langs VALUES (3, 20, 10);
INSERT INTO public.accounts_class_langs VALUES (4, 4, 4);
INSERT INTO public.accounts_class_langs VALUES (5, 5, 4);
INSERT INTO public.accounts_class_langs VALUES (6, 17, 5);
INSERT INTO public.accounts_class_langs VALUES (7, 21, 8);
INSERT INTO public.accounts_class_langs VALUES (8, 23, 10);
INSERT INTO public.accounts_class_langs VALUES (9, 4, 5);


--
-- TOC entry 4376 (class 0 OID 16663)
-- Dependencies: 237
-- Data for Name: accounts_class_students; Type: TABLE DATA; Schema: public; Owner: postgres
--

INSERT INTO public.accounts_class_students VALUES (3, 2, 2);
INSERT INTO public.accounts_class_students VALUES (5, 3, 2);
INSERT INTO public.accounts_class_students VALUES (6, 4, 2);
INSERT INTO public.accounts_class_students VALUES (8, 5, 2);
INSERT INTO public.accounts_class_students VALUES (12, 2, 10);
INSERT INTO public.accounts_class_students VALUES (13, 4, 10);
INSERT INTO public.accounts_class_students VALUES (15, 1, 2);
INSERT INTO public.accounts_class_students VALUES (32, 5, 18);
INSERT INTO public.accounts_class_students VALUES (33, 19, 18);
INSERT INTO public.accounts_class_students VALUES (34, 20, 18);
INSERT INTO public.accounts_class_students VALUES (38, 5, 22);
INSERT INTO public.accounts_class_students VALUES (39, 5, 23);
INSERT INTO public.accounts_class_students VALUES (40, 5, 24);
INSERT INTO public.accounts_class_students VALUES (41, 5, 25);
INSERT INTO public.accounts_class_students VALUES (42, 5, 26);
INSERT INTO public.accounts_class_students VALUES (43, 5, 27);
INSERT INTO public.accounts_class_students VALUES (44, 5, 28);
INSERT INTO public.accounts_class_students VALUES (45, 5, 29);
INSERT INTO public.accounts_class_students VALUES (48, 4, 24);
INSERT INTO public.accounts_class_students VALUES (49, 4, 27);
INSERT INTO public.accounts_class_students VALUES (51, 4, 23);
INSERT INTO public.accounts_class_students VALUES (53, 17, 2);
INSERT INTO public.accounts_class_students VALUES (54, 21, 2);
INSERT INTO public.accounts_class_students VALUES (55, 21, 18);
INSERT INTO public.accounts_class_students VALUES (56, 21, 23);
INSERT INTO public.accounts_class_students VALUES (57, 21, 24);
INSERT INTO public.accounts_class_students VALUES (58, 21, 25);
INSERT INTO public.accounts_class_students VALUES (59, 21, 27);
INSERT INTO public.accounts_class_students VALUES (60, 21, 29);
INSERT INTO public.accounts_class_students VALUES (62, 3, 39);
INSERT INTO public.accounts_class_students VALUES (63, 5, 39);
INSERT INTO public.accounts_class_students VALUES (65, 2, 39);
INSERT INTO public.accounts_class_students VALUES (66, 23, 18);
INSERT INTO public.accounts_class_students VALUES (67, 16, 2);
INSERT INTO public.accounts_class_students VALUES (68, 16, 39);
INSERT INTO public.accounts_class_students VALUES (69, 16, 22);
INSERT INTO public.accounts_class_students VALUES (70, 16, 23);
INSERT INTO public.accounts_class_students VALUES (71, 16, 24);
INSERT INTO public.accounts_class_students VALUES (72, 16, 25);
INSERT INTO public.accounts_class_students VALUES (73, 16, 26);
INSERT INTO public.accounts_class_students VALUES (74, 16, 27);
INSERT INTO public.accounts_class_students VALUES (75, 16, 28);
INSERT INTO public.accounts_class_students VALUES (76, 16, 29);
INSERT INTO public.accounts_class_students VALUES (77, 16, 10);
INSERT INTO public.accounts_class_students VALUES (78, 24, 18);
INSERT INTO public.accounts_class_students VALUES (80, 1, 21);
INSERT INTO public.accounts_class_students VALUES (81, 2, 21);


--
-- TOC entry 4367 (class 0 OID 16613)
-- Dependencies: 228
-- Data for Name: accounts_semester; Type: TABLE DATA; Schema: public; Owner: postgres
--

INSERT INTO public.accounts_semester VALUES (4, '2022-09-01', '2022-12-31', 'FA22', false);
INSERT INTO public.accounts_semester VALUES (3, '2022-01-01', '2022-04-30', 'SP22', false);
INSERT INTO public.accounts_semester VALUES (5, '2022-05-01', '2022-08-31', 'SU22', false);
INSERT INTO public.accounts_semester VALUES (2, '2023-05-01', '2023-08-31', 'SU23', false);
INSERT INTO public.accounts_semester VALUES (1, '2023-01-01', '2023-04-30', 'SP23', false);


--
-- TOC entry 4370 (class 0 OID 16629)
-- Dependencies: 231
-- Data for Name: accounts_subject; Type: TABLE DATA; Schema: public; Owner: postgres
--

INSERT INTO public.accounts_subject VALUES (1, 'PY101', 'Intro to Python', false);
INSERT INTO public.accounts_subject VALUES (2, 'PRO192', 'Java Core', false);
INSERT INTO public.accounts_subject VALUES (3, 'PRN292', 'C Sharp', false);
INSERT INTO public.accounts_subject VALUES (4, 'PRF192', 'C/C++ Core', false);
INSERT INTO public.accounts_subject VALUES (5, 'PRO292', 'Intro to Object Oriented Programming', false);
INSERT INTO public.accounts_subject VALUES (6, 'CSD201', 'Data Structure and Algorihms', false);


--
-- TOC entry 4372 (class 0 OID 16638)
-- Dependencies: 233
-- Data for Name: accounts_subject_students; Type: TABLE DATA; Schema: public; Owner: postgres
--

INSERT INTO public.accounts_subject_students VALUES (1, 1, 2);
INSERT INTO public.accounts_subject_students VALUES (3, 2, 2);
INSERT INTO public.accounts_subject_students VALUES (6, 4, 2);
INSERT INTO public.accounts_subject_students VALUES (7, 5, 18);
INSERT INTO public.accounts_subject_students VALUES (8, 5, 22);
INSERT INTO public.accounts_subject_students VALUES (9, 5, 23);
INSERT INTO public.accounts_subject_students VALUES (10, 5, 24);
INSERT INTO public.accounts_subject_students VALUES (11, 5, 25);
INSERT INTO public.accounts_subject_students VALUES (12, 5, 26);
INSERT INTO public.accounts_subject_students VALUES (13, 5, 27);
INSERT INTO public.accounts_subject_students VALUES (14, 5, 29);
INSERT INTO public.accounts_subject_students VALUES (17, 1, 21);
INSERT INTO public.accounts_subject_students VALUES (18, 6, 2);
INSERT INTO public.accounts_subject_students VALUES (19, 6, 10);
INSERT INTO public.accounts_subject_students VALUES (20, 6, 39);


--
-- TOC entry 4374 (class 0 OID 16645)
-- Dependencies: 235
-- Data for Name: accounts_subject_teachers; Type: TABLE DATA; Schema: public; Owner: postgres
--

INSERT INTO public.accounts_subject_teachers VALUES (1, 1, 1);
INSERT INTO public.accounts_subject_teachers VALUES (2, 2, 1);
INSERT INTO public.accounts_subject_teachers VALUES (3, 2, 9);
INSERT INTO public.accounts_subject_teachers VALUES (4, 3, 9);
INSERT INTO public.accounts_subject_teachers VALUES (5, 4, 1);
INSERT INTO public.accounts_subject_teachers VALUES (6, 4, 9);
INSERT INTO public.accounts_subject_teachers VALUES (7, 5, 32);
INSERT INTO public.accounts_subject_teachers VALUES (8, 5, 1);
INSERT INTO public.accounts_subject_teachers VALUES (9, 5, 11);
INSERT INTO public.accounts_subject_teachers VALUES (10, 5, 9);
INSERT INTO public.accounts_subject_teachers VALUES (11, 6, 40);
INSERT INTO public.accounts_subject_teachers VALUES (12, 6, 1);
INSERT INTO public.accounts_subject_teachers VALUES (13, 6, 11);
INSERT INTO public.accounts_subject_teachers VALUES (14, 6, 9);


--
-- TOC entry 4368 (class 0 OID 16619)
-- Dependencies: 229
-- Data for Name: accounts_userprofile; Type: TABLE DATA; Schema: public; Owner: postgres
--

INSERT INTO public.accounts_userprofile VALUES (32, 'adminfake', 'asdsad');
INSERT INTO public.accounts_userprofile VALUES (2, 'ANHLB', 'test');
INSERT INTO public.accounts_userprofile VALUES (21, 'ANHLBsdvsdvsss', 'test');
INSERT INTO public.accounts_userprofile VALUES (41, 'STAFF', '');
INSERT INTO public.accounts_userprofile VALUES (40, 'TEACHERACC', '');
INSERT INTO public.accounts_userprofile VALUES (10, 'HUNGLN2.WORK', 'Describe About Yourself...');
INSERT INTO public.accounts_userprofile VALUES (11, 'HUNGLOPM', 'Describe About Yourself...');
INSERT INTO public.accounts_userprofile VALUES (1, 'ANHLBSE05203', 'Describe About Yourself...');
INSERT INTO public.accounts_userprofile VALUES (9, 'ADMIN', 'Describe About Yourself...');
INSERT INTO public.accounts_userprofile VALUES (23, 'S.SCOTT', 'Describe About Yourself...');
INSERT INTO public.accounts_userprofile VALUES (24, 'M.ALEXANDER', 'Describe About Yourself...');
INSERT INTO public.accounts_userprofile VALUES (25, 'A.BAILEY', 'Describe About Yourself...');
INSERT INTO public.accounts_userprofile VALUES (26, 'C.CAMPBELL', 'Describe About Yourself...');
INSERT INTO public.accounts_userprofile VALUES (27, 'S.BAKER', 'Describe About Yourself...');
INSERT INTO public.accounts_userprofile VALUES (28, 'A.ROSS', 'Describe About Yourself...');
INSERT INTO public.accounts_userprofile VALUES (18, 'HUNGLNHE141720', 'Describe About Yourself...');
INSERT INTO public.accounts_userprofile VALUES (29, 'A.BARNES', 'Describe About Yourself...');
INSERT INTO public.accounts_userprofile VALUES (38, 'HUNGCODER2K01', 'Describe About Yourself...');
INSERT INTO public.accounts_userprofile VALUES (39, 'ANHLB_GOSO9ETT', 'Describe About Yourself...');
INSERT INTO public.accounts_userprofile VALUES (22, 'D.TURNER', 'test');


--
-- TOC entry 4380 (class 0 OID 16750)
-- Dependencies: 241
-- Data for Name: assignments_assignment; Type: TABLE DATA; Schema: public; Owner: postgres
--

INSERT INTO public.assignments_assignment VALUES (6, 'Find Highest Dice Result Occurrence', 'PRF192_Dice_Occurrence', 'You have 3 dice, with n1, n2, n3 number of faces, with values from 1->n1, 1->n2, 1->n3
With the sum value of the 3 dice as S. What is the highest number of occurrences of an S value?
-----------
Input: 3 integers on 1 line represent n1, n2, n3
Output: The highest number of occurrences of a possible S value
-----------
Sample:
-Input: 3 2 3
-Output: 5
Explain:
-possible combinations:
1 1 1 -> S = 3
2 1 1 -> S = 4
1 2 1 -> S = 4
1 1 2 -> S = 4
2 2 1 -> S = 5
1 2 2 -> S = 5
...
3 2 3 -> S = 8
S = 5, 6 have the highest occurrence of 5, so the result is 5', true, '2023-04-15 11:46:50+00', '2023-05-16 11:46:55+00', 'uploads/assignments_io/PRF192_Dice_Occurrence_io.zip', 2, false);
INSERT INTO public.assignments_assignment VALUES (55, 'Shortening Names', 'SE1414_PRO192_Shortening_Name', 'Gii bng  trng X c N i bng ng k nh s t 1 n N
Tn ca i bng l xu k t gm cc k t ting Anh in thng, v khng c hai i bng no trng tn.  tit kim mc in danh sch, trng X quyt nh b mt s k t (c th l khng k t no) khi cui tn ca mi i, sao cho sau khi b tn:

Khng i bng no c xu tn rng.

Khng c hai i bng no trng tn.

Tng  di cc xu tn ca cc i bng l nh nht c th.

Hy gip trng X thc hin vic ny nh!

-Input: N = s i bng. Cc dng sau input tn tng i.
-Output: S = tng  di tn ca tt c cc i sau khi ti gin tn.
-input sample:
4
abab
ba
a
b
-output sample:
6', true, '2022-12-29 17:00:00+00', '2023-05-08 17:00:00+00', 'uploads/assignments_io/SE1414_PRO192_Shortening_Name_io.zip', 21, true);
INSERT INTO public.assignments_assignment VALUES (4, 'C_Sort Array', 'SE1717_C_SortArray', 'input array size, then input the integer elements or the array
then output the sorted array ascending
example: 
input: 5 19 3 6 0 -1
output: -1 0 3 6 19', true, '2023-04-13 18:41:12+00', '2023-05-11 18:41:17+00', 'uploads/assignments_io/SE1717_C_SortArray_io.zip', 2, false);
INSERT INTO public.assignments_assignment VALUES (2, 'sad', 'PY_AplusB', '<p>asdasdsadasdasdsadvasdvasdvas<strong>dvas</strong>dvas<strong>dv</strong>as<strong>dva</strong>sd<strong>v</strong>asdv</p>', false, '2023-04-03 17:00:00+00', '2023-12-31 17:00:00+00', 'uploads/assignments_io/asas_io.zip', 4, false);
INSERT INTO public.assignments_assignment VALUES (66, 'Backtracking: Xp Hnh', 'CSD201_Xp_Hnh', 'X rt thch chi xp hnh. B  chi mi nht ca cu l mt tp cc ch s.

X cng rt thch s n
.Cc k thch l ng khc! X thch n bng c tri tim!!!!

Tr tru thay, b  chi ca X khng th xp c thnh n! 
Do , X quyt nh s sp xp cc s  thnh tp cc s c tch bng n. Tt c cc ch s u phi c s dng.

Input:
Mt duy nht cha s n (<=10^9) v mt chui cc ch s s (|s| <= 1000) - b  chi ca [placeholder]
Output:
Dng u cha s k - s cc s trong tp s xp c.
Dng tip theo cha k s c tch bng n. Cc s khng c ch s 0  u.

Sample:
input: 69420 012347
output: 2 20 3471', true, '2023-04-25 17:34:40+00', '2023-06-15 17:34:49+00', 'uploads/assignments_io/CSD201_Xp_Hnh_io.zip', 16, false);
INSERT INTO public.assignments_assignment VALUES (67, 'Find Primes In Range', 'CSD201_Prime_In_Range', 'Hy tm tt c cc s nguyn t trong on [a,b]
Input: a, b, trn 2 dng.
Output: cc s ng.t trong khong [a,b]. Mi s 1 dng
Sample:
input: 
0
10
output: 
2
3 
5 
7', true, '2023-04-25 17:40:25+00', '2023-07-21 17:40:28+00', 'uploads/assignments_io/CSD201_Prime_In_Range_io.zip', 16, false);
INSERT INTO public.assignments_assignment VALUES (73, 'Longest Path', 'SE1512_CSD_LongestPath', 'Cho bng A(m*n), 1 ngi xut pht ti 1 im m1 trn ct 1, di chuyn n 1 im m2 trn ct n
Quy tc di chuyn t (i,j), ch c di chuyn n (i, j+1), (i+1, j+1), (i-1, j+1)
Input:
-Dng 1 input m, n
-m dng sau input  mi dng n s t tri sang phi
Output:
-Tng ln nht tm c
Sample Input:
5 7
9 -2 6 2 1 3 4
0 -1 6 7 1 3 3
8 -2 8 2 5 3 2
1 -1 6 2 1 6 1
7 -2 6 2 1 3 7
Sample Output:
41', true, '2023-05-01 20:16:43+00', '2023-06-16 20:16:47+00', 'uploads/assignments_io/SE1512_CSD_LongestPath_io.zip', 16, false);
INSERT INTO public.assignments_assignment VALUES (7, 'Print Fibonacci', 'SE1411_PY_Fibonacci', 'Print n fibonacci numbers, starting with 0
Input: 9
Output: 0 1 1 2 3 5 8 13 21 34', true, '2022-09-15 12:03:12+00', '2023-01-01 12:03:24+00', 'uploads/assignments_io/SE1414_PY_Fibonacci_io.zip', 4, false);
INSERT INTO public.assignments_assignment VALUES (69, 'null', 'asdc', '<p>dsac</p>', true, '2023-04-03 17:00:00+00', '2023-04-17 17:00:00+00', 'uploads/assignments_io/asdc_io.zip', 16, false);
INSERT INTO public.assignments_assignment VALUES (70, 'qef', 'qefqwef', '', true, '1969-12-31 16:00:00+00', '1969-12-31 16:00:00+00', 'uploads/assignments_io/qefqwef_io.zip', 4, false);
INSERT INTO public.assignments_assignment VALUES (71, 'asdv', 'asdv', '', true, '1969-12-31 16:00:00+00', '1969-12-31 16:00:00+00', 'uploads/assignments_io/asdv_io.zip', 4, false);
INSERT INTO public.assignments_assignment VALUES (68, 'Dy Con Tng Di Nht', 'SE1512_CSD201_LIQ', 'Cho mt dy s nguyn gm N phn t .
Bit rng dy con tng n iu l 1 dy A(i1) < A(i2) < ... < A(ik) vi i1 < i2 < ... < ik.
Hy cho bit dy con tng n iu di nht ca dy ny c bao nhiu phn t?
-Input:
Dng 1 input N
Dng 2 input N s nguyn
-Output:
Ghi ra  di ca dy con tng n iu di nht.
-Sample:
input:
6
1 2 5 4 6 2
output:
4', true, '2023-04-26 00:42:25+00', '2023-06-23 00:42:30+00', 'uploads/assignments_io/SE1512_CSD201_LIQ_io.zip', 16, false);


--
-- TOC entry 4410 (class 0 OID 33063)
-- Dependencies: 271
-- Data for Name: assignments_assignment_langs; Type: TABLE DATA; Schema: public; Owner: postgres
--

INSERT INTO public.assignments_assignment_langs VALUES (2, 2, 5);
INSERT INTO public.assignments_assignment_langs VALUES (3, 4, 1);
INSERT INTO public.assignments_assignment_langs VALUES (4, 4, 2);
INSERT INTO public.assignments_assignment_langs VALUES (30, 7, 5);
INSERT INTO public.assignments_assignment_langs VALUES (92, 55, 8);
INSERT INTO public.assignments_assignment_langs VALUES (93, 6, 1);
INSERT INTO public.assignments_assignment_langs VALUES (94, 6, 3);
INSERT INTO public.assignments_assignment_langs VALUES (96, 7, 4);
INSERT INTO public.assignments_assignment_langs VALUES (97, 68, 4);
INSERT INTO public.assignments_assignment_langs VALUES (98, 68, 5);
INSERT INTO public.assignments_assignment_langs VALUES (99, 69, 5);
INSERT INTO public.assignments_assignment_langs VALUES (100, 70, 5);
INSERT INTO public.assignments_assignment_langs VALUES (101, 71, 5);


--
-- TOC entry 4408 (class 0 OID 33057)
-- Dependencies: 269
-- Data for Name: assignments_lang; Type: TABLE DATA; Schema: public; Owner: postgres
--

INSERT INTO public.assignments_lang VALUES (3, 'cpp', '<django.db.models.fields.CharField>', false);
INSERT INTO public.assignments_lang VALUES (1, 'c', 'C', false);
INSERT INTO public.assignments_lang VALUES (2, 'c99', 'C-99', false);
INSERT INTO public.assignments_lang VALUES (11, 'pascal', 'Pascal', false);
INSERT INTO public.assignments_lang VALUES (10, 'csharp', 'C#', false);
INSERT INTO public.assignments_lang VALUES (9, 'php', 'PHP', false);
INSERT INTO public.assignments_lang VALUES (8, 'java', 'Java', false);
INSERT INTO public.assignments_lang VALUES (7, 'cpp17', 'C++ 17', false);
INSERT INTO public.assignments_lang VALUES (6, 'cpp14', 'C++ 14', false);
INSERT INTO public.assignments_lang VALUES (5, 'python3', 'Python 3', false);
INSERT INTO public.assignments_lang VALUES (4, 'python2', 'Python 2', false);
INSERT INTO public.assignments_lang VALUES (12, 'sql', 'SQL', false);


--
-- TOC entry 4382 (class 0 OID 16768)
-- Dependencies: 243
-- Data for Name: assignments_submission; Type: TABLE DATA; Schema: public; Owner: postgres
--

INSERT INTO public.assignments_submission VALUES (3, '#include <stdio.h>
  
void swap(int* xp, int* yp)
{
    int temp = *xp;
    *xp = *yp;
    *yp = temp;
}
  
// A function to implement bubble sort
void bubbleSort(int arr[], int n)
{
    int i, j;
    for (i = 0; i < n - 1; i++)
  
        // Last i elements are already in place
        for (j = 0; j < n - i - 1; j++)
            if (arr[j] > arr[j + 1])
                swap(&arr[j], &arr[j + 1]);
}
  
/* Function to print an array */
void printArray(int arr[], int size)
{
    int i;
    for (i = 0; i < size; i++)
        printf("%d ", arr[i]);
    }
  
// Driver program to test above functions
int main()
{   
    int count = 0;
    scanf("%d", &count);
    int arr[count];
    int i = 0;
    for(i = 0; i < count; i ++)
    {
        scanf("%d", &arr[i]);
    }
    int n = sizeof(arr) / sizeof(arr[0]);
    bubbleSort(arr, n);
    printArray(arr, n);
    return 0;
}', 'c99', 'Correct', '2023-04-15 13:03:39.460346+00', 10, 4, 2, false);
INSERT INTO public.assignments_submission VALUES (17, 'def fibonacci(n):
    if (n < 0):
        return -1;
    elif (n == 0 or n == 1):
        return n;
    else:
        return fibonacci(n - 1) + fibonacci(n - 2);

n = int(input("input n: "))
sb = "";
for i in range(0, n):
    sb = sb + str(fibonacci(i)) + " ";
print(sb)', 'python3', 'Unaccepted', '2023-04-23 05:01:20.290275+00', 0, 7, 29, false);
INSERT INTO public.assignments_submission VALUES (22, 'import java.util.Scanner;

public class Main {
    public static void main( String[] argv ) {
        boolean pr[] = new boolean[200005];
        Scanner scan = new Scanner(System.in);
        int a = scan.nextInt(), b = scan.nextInt();
        scan.close();
        for( int i = 2; i <= 200000; ++i ) pr[i] = true;
        for( int i = 2; i * i <= 200000; ++i ) {
            if ( !pr[i] ) continue;
            for( int j = i + i; j <= 200000; j += i ) pr[j] = false;
        }
        for( int i = a; i <= b; ++i )
            if (pr[i]) System.out.println(i);
    }
}', 'java', 'Correct', '2023-04-25 17:51:17.150454+00', 9, 67, 39, false);
INSERT INTO public.assignments_submission VALUES (6, 'def fibonacci(n):
    if (n < 0):
        return -1;
    elif (n == 0 or n == 1):
        return n;
    else:
        return fibonacci(n - 1) + fibonacci(n - 2);
 
n = int(input(""))
sb = "";
for i in range(0, n):
    sb = sb + str(fibonacci(i)) + " ";
print(sb)', 'python3', 'Correct', '2023-04-22 09:51:36.650911+00', 10, 7, 2, false);
INSERT INTO public.assignments_submission VALUES (2, 'print(int(input())+int(input()))', 'python2', 'Correct', '2023-04-18 11:57:54.873873+00', 10, 2, 2, false);
INSERT INTO public.assignments_submission VALUES (15, 'def fibonacci(n):
    if (n < 0):
        return -1;
    elif (n == 0 or n == 1):
        return n;
    else:
        return fibonacci(n - 1) + fibonacci(n - 2);

n = int(input("input n: "))
sb = "";
for i in range(0, n):
    sb = sb + str(fibonacci(i)) + " ";
print(sb)', 'python3', 'Incorrect', '2023-04-22 11:07:58.385516+00', 0, 7, 10, false);
INSERT INTO public.assignments_submission VALUES (23, 'import sys

n = input()
a = map(int, sys.stdin.readline().split())

res = 0
a = list(a)
l = len(a)

f = [1] * l

for i in range(0,l):
    for j in range(0,i):
        if a[j] < a[i]:
            f[i] = max(f[i], f[j] + 1)
    res = max(res, f[i])

print(res)', 'python3', 'Accepted', '2023-04-26 00:56:35.130697+00', 9, 68, 39, false);
INSERT INTO public.assignments_submission VALUES (18, 'import java.util.Scanner;
public class MyClass {
    public static String removeLastChar(String s) {
    return (s == null || s.length() == 0 || s.length() == 1)
      ? s
      : (s.substring(0, s.length() - 1));
    }  
    public static void main(String args[]) {
        Scanner myObj = new Scanner(System.in);
        int n = Integer.parseInt(myObj.nextLine());
        int sum = 0;
        String[] names = new String[n];
        for (int i = 0; i < names.length; i++) {
            names[i] = myObj.nextLine();
        }
        for(int i = 0; i < names.length;i++){
            boolean flag = false;
            if(names[i].length() == 1){
                continue;
            }
            while(flag == false){
                
                char lastChar = names[i].charAt(names[i].length() - 1); 
                names[i] = removeLastChar(names[i]); //b
                for(int j = 0; j < names.length;j++) {
                    if(i == j){
                        continue;
                    }
                    if(names[i].equals(names[j])){
                        flag = true;
                        break;
                    }
                }
                if(flag == true) {
                    names[i] += lastChar;//ba
                }
            }
        }
        for(int i = 0; i < names.length;i++){
            sum += names[i].length();
        }
        System.out.println(sum);
        myObj.close(); 
    }
}', 'java', 'Correct', '2023-04-25 13:36:10.717585+00', 10, 55, 2, false);
INSERT INTO public.assignments_submission VALUES (27, '#include <stdio.h>
//#include <conio.h>
void main()
{
int n,m,a[102][102],b[102][102],max,max1=-10000;
scanf("%d %d",&n,&m);
for(int i=1;i<=n;i++)
  for(int j=1;j<=m;j++)
    scanf("%d",&a[i][j]);
for(int j=1;j<=m;j++)
  { b[0][j]=-10000; b[n+1][j]=-10000; }
for(int i=1;i<=n;i++)
  b[i][1]=a[i][1];
for(int j=2;j<=m;j++)
  for(int i=1;i<=n;i++)
    {
    if(b[i-1][j-1]>b[i][j-1])
       max=b[i-1][j-1];
    else max=b[i][j-1];
    if(max<b[i+1][j-1])
      max=b[i+1][j-1];
    b[i][j]=max+a[i][j];
    }
for(int i=1;i<=n;i++)
  if(b[i][m]>max1)
    max1=b[i][m];
printf("%d",max1);
//getch();
}', 'c99', 'Correct', '2023-05-01 20:29:16.855848+00', 10, 73, 2, false);
INSERT INTO public.assignments_submission VALUES (25, 'import sys

n = input()
a = map(int, sys.stdin.readline().split())

res = 0
a = list(a)
l = len(a)

f = [1] * l

for i in range(0,l):
    for j in range(0,i):
        if a[j] < a[i]:
            f[i] = max(f[i], f[j] + 1)
    res = max(res, f[i])

print(res)', 'python3', 'Incorrect', '2023-05-01 04:12:12.908436+00', 7.058823529411765, 68, 2, false);
INSERT INTO public.assignments_submission VALUES (24, 'import sys

n = input()
a = map(int, sys.stdin.readline().split())

res = 0
a = list(a)
l = len(a)

f = [1] * l

for i in range(0,l):
    for j in range(0,i):
        if a[j] < a[i]:
            f[i] = max(f[i], f[j] + 1)
    res = max(res, f[i])

print(res)', 'python3', 'Correct', '2023-04-27 14:40:49.600121+00', 10, 68, 10, false);
INSERT INTO public.assignments_submission VALUES (20, '#include<stdio.h>
#include<math.h>
main()
{ long n,m,t;
  scanf("%ld %ld",&m,&n);
  for(long j=m;j<=n;j++)
    {
    if(j==1)
      continue;
    t=0;
    for(long i=2;i<=sqrt(j);i++)
      {
      if(j%i==0)
        {
        t++;
        break;
        }
      }
    if(t==0)
    printf("%ld\n",j);
    }
}', 'c', 'Correct', '2023-04-25 17:49:53.543078+00', 10, 67, 2, false);
INSERT INTO public.assignments_submission VALUES (21, '#include<stdio.h>
#include<math.h>
main()
{ long n,m,t;
  scanf("%ld %ld",&m,&n);
  for(long j=m;j<=n;j++)
    {
    if(j==1)
      continue;
    t=0;
    for(long i=2;i<=sqrt(j);i++)
      {
      if(j%i==0)
        {
        t++;
        break;
        }
      }
    if(t==0)
    printf("%ld\n",j);
    }
}', 'c', 'Correct', '2023-04-25 17:50:35.542607+00', 10, 67, 25, false);
INSERT INTO public.assignments_submission VALUES (26, '#include <stdio.h>
//#include <conio.h>
void main()
{
int n,m,a[102][102],b[102][102],max,max1=-10000;
scanf("%d %d",&n,&m);
for(int i=1;i<=n;i++)
  for(int j=1;j<=m;j++)
    scanf("%d",&a[i][j]);
for(int j=1;j<=m;j++)
  { b[0][j]=-10000; b[n+1][j]=-10000; }
for(int i=1;i<=n;i++)
  b[i][1]=a[i][1];
for(int j=2;j<=m;j++)
  for(int i=1;i<=n;i++)
    {
    if(b[i-1][j-1]>b[i][j-1])
       max=b[i-1][j-1];
    else max=b[i][j-1];
    if(max<b[i+1][j-1])
      max=b[i+1][j-1];
    b[i][j]=max+a[i][j];
    }
for(int i=1;i<=n;i++)
  if(b[i][m]>max1)
    max1=b[i][m];
printf("%d",max1);
//getch();
}', 'c99', 'Not Checked', '2023-05-01 20:26:51.944422+00', 0, 73, 39, false);


--
-- TOC entry 4355 (class 0 OID 16505)
-- Dependencies: 216
-- Data for Name: auth_group; Type: TABLE DATA; Schema: public; Owner: postgres
--

INSERT INTO public.auth_group VALUES (1, 'GROUP_Student');
INSERT INTO public.auth_group VALUES (2, 'GROUP_Teacher');


--
-- TOC entry 4357 (class 0 OID 16514)
-- Dependencies: 218
-- Data for Name: auth_group_permissions; Type: TABLE DATA; Schema: public; Owner: postgres
--

INSERT INTO public.auth_group_permissions VALUES (23, 2, 13);
INSERT INTO public.auth_group_permissions VALUES (24, 2, 14);
INSERT INTO public.auth_group_permissions VALUES (26, 2, 16);
INSERT INTO public.auth_group_permissions VALUES (35, 2, 25);
INSERT INTO public.auth_group_permissions VALUES (36, 2, 26);
INSERT INTO public.auth_group_permissions VALUES (37, 2, 27);
INSERT INTO public.auth_group_permissions VALUES (38, 2, 28);
INSERT INTO public.auth_group_permissions VALUES (43, 2, 33);
INSERT INTO public.auth_group_permissions VALUES (44, 2, 34);
INSERT INTO public.auth_group_permissions VALUES (45, 2, 35);
INSERT INTO public.auth_group_permissions VALUES (46, 2, 36);
INSERT INTO public.auth_group_permissions VALUES (51, 2, 41);
INSERT INTO public.auth_group_permissions VALUES (52, 2, 42);
INSERT INTO public.auth_group_permissions VALUES (53, 2, 43);
INSERT INTO public.auth_group_permissions VALUES (54, 2, 44);
INSERT INTO public.auth_group_permissions VALUES (79, 2, 69);
INSERT INTO public.auth_group_permissions VALUES (80, 2, 70);
INSERT INTO public.auth_group_permissions VALUES (81, 2, 71);
INSERT INTO public.auth_group_permissions VALUES (82, 2, 72);
INSERT INTO public.auth_group_permissions VALUES (83, 2, 73);
INSERT INTO public.auth_group_permissions VALUES (84, 2, 74);
INSERT INTO public.auth_group_permissions VALUES (85, 2, 75);
INSERT INTO public.auth_group_permissions VALUES (86, 2, 76);
INSERT INTO public.auth_group_permissions VALUES (87, 2, 77);
INSERT INTO public.auth_group_permissions VALUES (88, 2, 78);
INSERT INTO public.auth_group_permissions VALUES (89, 2, 79);
INSERT INTO public.auth_group_permissions VALUES (90, 2, 80);
INSERT INTO public.auth_group_permissions VALUES (91, 2, 81);
INSERT INTO public.auth_group_permissions VALUES (92, 2, 82);
INSERT INTO public.auth_group_permissions VALUES (93, 2, 83);
INSERT INTO public.auth_group_permissions VALUES (94, 2, 84);
INSERT INTO public.auth_group_permissions VALUES (95, 2, 85);
INSERT INTO public.auth_group_permissions VALUES (96, 2, 86);
INSERT INTO public.auth_group_permissions VALUES (97, 2, 87);
INSERT INTO public.auth_group_permissions VALUES (98, 2, 88);
INSERT INTO public.auth_group_permissions VALUES (99, 2, 89);
INSERT INTO public.auth_group_permissions VALUES (100, 2, 90);
INSERT INTO public.auth_group_permissions VALUES (101, 2, 91);
INSERT INTO public.auth_group_permissions VALUES (102, 2, 92);
INSERT INTO public.auth_group_permissions VALUES (103, 2, 93);
INSERT INTO public.auth_group_permissions VALUES (104, 2, 94);
INSERT INTO public.auth_group_permissions VALUES (105, 2, 95);
INSERT INTO public.auth_group_permissions VALUES (106, 2, 96);
INSERT INTO public.auth_group_permissions VALUES (107, 1, 72);
INSERT INTO public.auth_group_permissions VALUES (108, 1, 76);
INSERT INTO public.auth_group_permissions VALUES (109, 1, 80);
INSERT INTO public.auth_group_permissions VALUES (110, 1, 84);
INSERT INTO public.auth_group_permissions VALUES (111, 1, 88);
INSERT INTO public.auth_group_permissions VALUES (112, 2, 97);
INSERT INTO public.auth_group_permissions VALUES (113, 2, 98);
INSERT INTO public.auth_group_permissions VALUES (114, 2, 99);
INSERT INTO public.auth_group_permissions VALUES (115, 2, 100);


--
-- TOC entry 4353 (class 0 OID 16498)
-- Dependencies: 214
-- Data for Name: auth_permission; Type: TABLE DATA; Schema: public; Owner: postgres
--

INSERT INTO public.auth_permission VALUES (1, 'Can add log entry', 1, 'add_logentry');
INSERT INTO public.auth_permission VALUES (2, 'Can change log entry', 1, 'change_logentry');
INSERT INTO public.auth_permission VALUES (3, 'Can delete log entry', 1, 'delete_logentry');
INSERT INTO public.auth_permission VALUES (4, 'Can view log entry', 1, 'view_logentry');
INSERT INTO public.auth_permission VALUES (5, 'Can add permission', 2, 'add_permission');
INSERT INTO public.auth_permission VALUES (6, 'Can change permission', 2, 'change_permission');
INSERT INTO public.auth_permission VALUES (7, 'Can delete permission', 2, 'delete_permission');
INSERT INTO public.auth_permission VALUES (8, 'Can view permission', 2, 'view_permission');
INSERT INTO public.auth_permission VALUES (9, 'Can add group', 3, 'add_group');
INSERT INTO public.auth_permission VALUES (10, 'Can change group', 3, 'change_group');
INSERT INTO public.auth_permission VALUES (11, 'Can delete group', 3, 'delete_group');
INSERT INTO public.auth_permission VALUES (12, 'Can view group', 3, 'view_group');
INSERT INTO public.auth_permission VALUES (13, 'Can add user', 4, 'add_user');
INSERT INTO public.auth_permission VALUES (14, 'Can change user', 4, 'change_user');
INSERT INTO public.auth_permission VALUES (15, 'Can delete user', 4, 'delete_user');
INSERT INTO public.auth_permission VALUES (16, 'Can view user', 4, 'view_user');
INSERT INTO public.auth_permission VALUES (17, 'Can add content type', 5, 'add_contenttype');
INSERT INTO public.auth_permission VALUES (18, 'Can change content type', 5, 'change_contenttype');
INSERT INTO public.auth_permission VALUES (19, 'Can delete content type', 5, 'delete_contenttype');
INSERT INTO public.auth_permission VALUES (20, 'Can view content type', 5, 'view_contenttype');
INSERT INTO public.auth_permission VALUES (21, 'Can add session', 6, 'add_session');
INSERT INTO public.auth_permission VALUES (22, 'Can change session', 6, 'change_session');
INSERT INTO public.auth_permission VALUES (23, 'Can delete session', 6, 'delete_session');
INSERT INTO public.auth_permission VALUES (24, 'Can view session', 6, 'view_session');
INSERT INTO public.auth_permission VALUES (25, 'Can add auth token', 7, 'add_authtoken');
INSERT INTO public.auth_permission VALUES (26, 'Can change auth token', 7, 'change_authtoken');
INSERT INTO public.auth_permission VALUES (27, 'Can delete auth token', 7, 'delete_authtoken');
INSERT INTO public.auth_permission VALUES (28, 'Can view auth token', 7, 'view_authtoken');
INSERT INTO public.auth_permission VALUES (29, 'Can add application', 8, 'add_application');
INSERT INTO public.auth_permission VALUES (30, 'Can change application', 8, 'change_application');
INSERT INTO public.auth_permission VALUES (31, 'Can delete application', 8, 'delete_application');
INSERT INTO public.auth_permission VALUES (32, 'Can view application', 8, 'view_application');
INSERT INTO public.auth_permission VALUES (33, 'Can add access token', 9, 'add_accesstoken');
INSERT INTO public.auth_permission VALUES (34, 'Can change access token', 9, 'change_accesstoken');
INSERT INTO public.auth_permission VALUES (35, 'Can delete access token', 9, 'delete_accesstoken');
INSERT INTO public.auth_permission VALUES (36, 'Can view access token', 9, 'view_accesstoken');
INSERT INTO public.auth_permission VALUES (37, 'Can add grant', 10, 'add_grant');
INSERT INTO public.auth_permission VALUES (38, 'Can change grant', 10, 'change_grant');
INSERT INTO public.auth_permission VALUES (39, 'Can delete grant', 10, 'delete_grant');
INSERT INTO public.auth_permission VALUES (40, 'Can view grant', 10, 'view_grant');
INSERT INTO public.auth_permission VALUES (41, 'Can add refresh token', 11, 'add_refreshtoken');
INSERT INTO public.auth_permission VALUES (42, 'Can change refresh token', 11, 'change_refreshtoken');
INSERT INTO public.auth_permission VALUES (43, 'Can delete refresh token', 11, 'delete_refreshtoken');
INSERT INTO public.auth_permission VALUES (44, 'Can view refresh token', 11, 'view_refreshtoken');
INSERT INTO public.auth_permission VALUES (45, 'Can add id token', 12, 'add_idtoken');
INSERT INTO public.auth_permission VALUES (46, 'Can change id token', 12, 'change_idtoken');
INSERT INTO public.auth_permission VALUES (47, 'Can delete id token', 12, 'delete_idtoken');
INSERT INTO public.auth_permission VALUES (48, 'Can view id token', 12, 'view_idtoken');
INSERT INTO public.auth_permission VALUES (49, 'Can add association', 13, 'add_association');
INSERT INTO public.auth_permission VALUES (50, 'Can change association', 13, 'change_association');
INSERT INTO public.auth_permission VALUES (51, 'Can delete association', 13, 'delete_association');
INSERT INTO public.auth_permission VALUES (52, 'Can view association', 13, 'view_association');
INSERT INTO public.auth_permission VALUES (53, 'Can add code', 14, 'add_code');
INSERT INTO public.auth_permission VALUES (54, 'Can change code', 14, 'change_code');
INSERT INTO public.auth_permission VALUES (55, 'Can delete code', 14, 'delete_code');
INSERT INTO public.auth_permission VALUES (56, 'Can view code', 14, 'view_code');
INSERT INTO public.auth_permission VALUES (57, 'Can add nonce', 15, 'add_nonce');
INSERT INTO public.auth_permission VALUES (58, 'Can change nonce', 15, 'change_nonce');
INSERT INTO public.auth_permission VALUES (59, 'Can delete nonce', 15, 'delete_nonce');
INSERT INTO public.auth_permission VALUES (60, 'Can view nonce', 15, 'view_nonce');
INSERT INTO public.auth_permission VALUES (61, 'Can add user social auth', 16, 'add_usersocialauth');
INSERT INTO public.auth_permission VALUES (62, 'Can change user social auth', 16, 'change_usersocialauth');
INSERT INTO public.auth_permission VALUES (63, 'Can delete user social auth', 16, 'delete_usersocialauth');
INSERT INTO public.auth_permission VALUES (64, 'Can view user social auth', 16, 'view_usersocialauth');
INSERT INTO public.auth_permission VALUES (65, 'Can add partial', 17, 'add_partial');
INSERT INTO public.auth_permission VALUES (66, 'Can change partial', 17, 'change_partial');
INSERT INTO public.auth_permission VALUES (67, 'Can delete partial', 17, 'delete_partial');
INSERT INTO public.auth_permission VALUES (68, 'Can view partial', 17, 'view_partial');
INSERT INTO public.auth_permission VALUES (69, 'Can add class', 18, 'add_class');
INSERT INTO public.auth_permission VALUES (70, 'Can change class', 18, 'change_class');
INSERT INTO public.auth_permission VALUES (71, 'Can delete class', 18, 'delete_class');
INSERT INTO public.auth_permission VALUES (72, 'Can view class', 18, 'view_class');
INSERT INTO public.auth_permission VALUES (73, 'Can add semester', 19, 'add_semester');
INSERT INTO public.auth_permission VALUES (74, 'Can change semester', 19, 'change_semester');
INSERT INTO public.auth_permission VALUES (75, 'Can delete semester', 19, 'delete_semester');
INSERT INTO public.auth_permission VALUES (76, 'Can view semester', 19, 'view_semester');
INSERT INTO public.auth_permission VALUES (77, 'Can add user profile', 20, 'add_userprofile');
INSERT INTO public.auth_permission VALUES (78, 'Can change user profile', 20, 'change_userprofile');
INSERT INTO public.auth_permission VALUES (79, 'Can delete user profile', 20, 'delete_userprofile');
INSERT INTO public.auth_permission VALUES (80, 'Can view user profile', 20, 'view_userprofile');
INSERT INTO public.auth_permission VALUES (81, 'Can add subject', 21, 'add_subject');
INSERT INTO public.auth_permission VALUES (82, 'Can change subject', 21, 'change_subject');
INSERT INTO public.auth_permission VALUES (83, 'Can delete subject', 21, 'delete_subject');
INSERT INTO public.auth_permission VALUES (84, 'Can view subject', 21, 'view_subject');
INSERT INTO public.auth_permission VALUES (85, 'Can add assignment', 22, 'add_assignment');
INSERT INTO public.auth_permission VALUES (86, 'Can change assignment', 22, 'change_assignment');
INSERT INTO public.auth_permission VALUES (87, 'Can delete assignment', 22, 'delete_assignment');
INSERT INTO public.auth_permission VALUES (88, 'Can view assignment', 22, 'view_assignment');
INSERT INTO public.auth_permission VALUES (89, 'Can add submission', 23, 'add_submission');
INSERT INTO public.auth_permission VALUES (90, 'Can change submission', 23, 'change_submission');
INSERT INTO public.auth_permission VALUES (91, 'Can delete submission', 23, 'delete_submission');
INSERT INTO public.auth_permission VALUES (92, 'Can view submission', 23, 'view_submission');
INSERT INTO public.auth_permission VALUES (93, 'Can add file upload', 24, 'add_fileupload');
INSERT INTO public.auth_permission VALUES (94, 'Can change file upload', 24, 'change_fileupload');
INSERT INTO public.auth_permission VALUES (95, 'Can delete file upload', 24, 'delete_fileupload');
INSERT INTO public.auth_permission VALUES (96, 'Can view file upload', 24, 'view_fileupload');
INSERT INTO public.auth_permission VALUES (97, 'Can add lang', 25, 'add_lang');
INSERT INTO public.auth_permission VALUES (98, 'Can change lang', 25, 'change_lang');
INSERT INTO public.auth_permission VALUES (99, 'Can delete lang', 25, 'delete_lang');
INSERT INTO public.auth_permission VALUES (100, 'Can view lang', 25, 'view_lang');


--
-- TOC entry 4359 (class 0 OID 16521)
-- Dependencies: 220
-- Data for Name: auth_user; Type: TABLE DATA; Schema: public; Owner: postgres
--

INSERT INTO public.auth_user VALUES (21, 'pbkdf2_sha256$320000$qnzuApCjrJyjQFczE0p0Xl$6t3Qt4i+c0E3QY0wMBNCPvwuYdL1NOw5lTmjS7Be1b0=', NULL, false, 'no_group_user', 'No', 'Group', 'no_group_test@gmail.com', false, true, '2023-04-21 06:12:46+00');
INSERT INTO public.auth_user VALUES (32, 'pbkdf2_sha256$320000$7vBvxVlqCFMBi5I5ertCK3$x24zE5mmmJX/5hBAwt2vtaJNyRRrQOvmjxgDoyZmyrs=', NULL, true, 'adminfake', 'hung', 'pha ke', '', true, true, '2023-04-23 05:57:30+00');
INSERT INTO public.auth_user VALUES (11, 'pbkdf2_sha256$320000$Mc7G2mpcXgdSzAlrSmhgtU$IgkKTKucEriKcbW9cQszI3hBV4G4vN3gdMOSF8CJzU8=', NULL, false, 'teacher', 'hung', 'le', 'hunglopm@gmail.com', false, true, '2023-04-18 13:55:05+00');
INSERT INTO public.auth_user VALUES (9, 'pbkdf2_sha256$320000$pbfbPGr7nOLifKb0JNGNrt$q7jOdXjp44ahGuYsO8UJcT/fh010X/TGMFZBpoek4A8=', NULL, true, 'admin_2', 'admin', 'admin', 'admin@gmail.com', true, true, '2023-04-15 05:02:53+00');
INSERT INTO public.auth_user VALUES (1, 'pbkdf2_sha256$320000$3UBXtVYmwoMCiDmLeYZjF2$dGw3GI2gDIe6r0NS2WBGXvo4XIcgzTQwV7bbkH6oN44=', '2023-04-30 16:09:13.662501+00', true, 'admin', 'admin', '', 'anhlbse052@fpt.edu.vn', true, true, '2023-02-11 19:12:14+00');
INSERT INTO public.auth_user VALUES (23, '', NULL, false, 'S.SCOTT', 'Sawyer', 'Scott', 's.scott@randatmail.com', false, true, '2023-04-21 08:15:59.624173+00');
INSERT INTO public.auth_user VALUES (24, '', NULL, false, 'M.ALEXANDER', 'Max', 'Alexander', 'm.alexander@randatmail.com', false, true, '2023-04-21 08:16:02.557248+00');
INSERT INTO public.auth_user VALUES (25, '', NULL, false, 'A.BAILEY', 'Alberta', 'Bailey', 'a.bailey@randatmail.com', false, true, '2023-04-21 08:16:05.329434+00');
INSERT INTO public.auth_user VALUES (26, '', NULL, false, 'C.CAMPBELL', 'Cadie', 'Campbell', 'c.campbell@randatmail.com', false, true, '2023-04-21 08:16:08.060668+00');
INSERT INTO public.auth_user VALUES (27, '', NULL, false, 'S.BAKER', 'Sawyer', 'Baker', 's.baker@randatmail.com', false, true, '2023-04-21 08:16:10.702845+00');
INSERT INTO public.auth_user VALUES (28, '', NULL, false, 'A.ROSS', 'Abraham', 'Ross', 'a.ross@randatmail.com', false, true, '2023-04-21 08:16:13.554152+00');
INSERT INTO public.auth_user VALUES (18, '', NULL, false, 'HUNGLNHE141720', 'Le', 'Nguyen Hung', 'hunglnhe141720@fpt.edu.vn', false, true, '2023-04-19 08:30:32.931435+00');
INSERT INTO public.auth_user VALUES (40, 'pbkdf2_sha256$320000$mDz5GUU8AaQrJ7SAudoNWo$d0cXz2V5j6CmSRDRR3ggpSH14lgRWDF19kge7qxG/8A=', NULL, false, 'teacher_acc', 'teacher_acc', '', 'teacher_acc@fe.edu.vn', false, true, '2023-04-28 13:44:16+00');
INSERT INTO public.auth_user VALUES (29, '', NULL, false, 'A.BARNES', 'Audrey', 'Barnes', 'a.barnes@randatmail.com', false, true, '2023-04-21 08:16:16.24511+00');
INSERT INTO public.auth_user VALUES (2, 'pbkdf2_sha256$320000$Vn9DNy1X2rAJLzZcHltc7t$/sNdDh+WHK24ANzFHe9/1cIx/FvpAuLSkZdk7OjCni4=', NULL, false, 'banhl.off', 'Bao Anh', 'Luu', 'banhl.off@gmail.com', false, true, '2023-04-11 19:40:14+00');
INSERT INTO public.auth_user VALUES (41, 'pbkdf2_sha256$320000$LquuvTRm6xiGtgU425gbeV$JLfAZTFdTf0tA1TizxvJ7BltjR1trt2GSy6oqc3zKXQ=', '2023-05-02 07:57:55.109246+00', true, 'staff_acc', 'staff_acc', '', 'staff_acc@fe.edu.vn', true, true, '2023-04-28 13:44:42+00');
INSERT INTO public.auth_user VALUES (22, '', NULL, false, 'D.TURNER', 'Deanna', 'Turner', 'd.turner@randatmail.com', false, true, '2023-04-21 08:15:56.667447+00');
INSERT INTO public.auth_user VALUES (10, 'pbkdf2_sha256$320000$xM4QFU7nBgEaAhuapF1wPK$mnjeiF8Ttth/9y+iyDxlhf4J30sq/c/fpWIVwimksQ8=', NULL, false, 'test', 'LN', 'Hung', 'hungln2.work@gmail.com', false, true, '2023-04-18 02:35:00+00');
INSERT INTO public.auth_user VALUES (38, '!dGfb0VPjpT12jsRFKhKgRRODgVe1qBAQrDhHLtlu', NULL, false, 'hungcoder2k01', 'coder', 'hung', 'hungcoder2k01@gmail.com', false, true, '2023-04-25 11:55:47.771549+00');
INSERT INTO public.auth_user VALUES (39, '!x4ZzJ5bNNoezg44jGRQjAubY0hw1mGc5TJiy6efg', NULL, false, 'anhlbse05203', 'Bao Anh', 'Luu', 'anhlbse05203@fpt.edu.vn', false, true, '2023-04-25 14:33:59.143088+00');


--
-- TOC entry 4361 (class 0 OID 16530)
-- Dependencies: 222
-- Data for Name: auth_user_groups; Type: TABLE DATA; Schema: public; Owner: postgres
--

INSERT INTO public.auth_user_groups VALUES (1, 2, 1);
INSERT INTO public.auth_user_groups VALUES (8, 10, 1);
INSERT INTO public.auth_user_groups VALUES (9, 1, 2);
INSERT INTO public.auth_user_groups VALUES (10, 9, 2);
INSERT INTO public.auth_user_groups VALUES (11, 11, 2);
INSERT INTO public.auth_user_groups VALUES (18, 18, 1);
INSERT INTO public.auth_user_groups VALUES (24, 22, 1);
INSERT INTO public.auth_user_groups VALUES (25, 23, 1);
INSERT INTO public.auth_user_groups VALUES (26, 24, 1);
INSERT INTO public.auth_user_groups VALUES (27, 25, 1);
INSERT INTO public.auth_user_groups VALUES (28, 26, 1);
INSERT INTO public.auth_user_groups VALUES (29, 27, 1);
INSERT INTO public.auth_user_groups VALUES (30, 28, 1);
INSERT INTO public.auth_user_groups VALUES (31, 29, 1);
INSERT INTO public.auth_user_groups VALUES (38, 38, 1);
INSERT INTO public.auth_user_groups VALUES (39, 21, 1);
INSERT INTO public.auth_user_groups VALUES (41, 39, 1);
INSERT INTO public.auth_user_groups VALUES (42, 40, 2);


--
-- TOC entry 4363 (class 0 OID 16537)
-- Dependencies: 224
-- Data for Name: auth_user_user_permissions; Type: TABLE DATA; Schema: public; Owner: postgres
--

INSERT INTO public.auth_user_user_permissions VALUES (1, 11, 1);
INSERT INTO public.auth_user_user_permissions VALUES (2, 11, 2);
INSERT INTO public.auth_user_user_permissions VALUES (3, 11, 3);
INSERT INTO public.auth_user_user_permissions VALUES (4, 11, 4);
INSERT INTO public.auth_user_user_permissions VALUES (5, 11, 5);
INSERT INTO public.auth_user_user_permissions VALUES (6, 11, 6);
INSERT INTO public.auth_user_user_permissions VALUES (7, 11, 7);
INSERT INTO public.auth_user_user_permissions VALUES (8, 11, 8);
INSERT INTO public.auth_user_user_permissions VALUES (9, 11, 9);
INSERT INTO public.auth_user_user_permissions VALUES (10, 11, 10);
INSERT INTO public.auth_user_user_permissions VALUES (11, 11, 11);
INSERT INTO public.auth_user_user_permissions VALUES (12, 11, 12);
INSERT INTO public.auth_user_user_permissions VALUES (13, 11, 13);
INSERT INTO public.auth_user_user_permissions VALUES (14, 11, 14);
INSERT INTO public.auth_user_user_permissions VALUES (15, 11, 15);
INSERT INTO public.auth_user_user_permissions VALUES (16, 11, 16);
INSERT INTO public.auth_user_user_permissions VALUES (17, 11, 17);
INSERT INTO public.auth_user_user_permissions VALUES (18, 11, 18);
INSERT INTO public.auth_user_user_permissions VALUES (19, 11, 19);
INSERT INTO public.auth_user_user_permissions VALUES (20, 11, 20);
INSERT INTO public.auth_user_user_permissions VALUES (21, 11, 21);
INSERT INTO public.auth_user_user_permissions VALUES (22, 11, 22);
INSERT INTO public.auth_user_user_permissions VALUES (23, 11, 23);
INSERT INTO public.auth_user_user_permissions VALUES (24, 11, 24);
INSERT INTO public.auth_user_user_permissions VALUES (25, 11, 25);
INSERT INTO public.auth_user_user_permissions VALUES (26, 11, 26);
INSERT INTO public.auth_user_user_permissions VALUES (27, 11, 27);
INSERT INTO public.auth_user_user_permissions VALUES (28, 11, 28);
INSERT INTO public.auth_user_user_permissions VALUES (29, 11, 29);
INSERT INTO public.auth_user_user_permissions VALUES (30, 11, 30);
INSERT INTO public.auth_user_user_permissions VALUES (31, 11, 31);
INSERT INTO public.auth_user_user_permissions VALUES (32, 11, 32);
INSERT INTO public.auth_user_user_permissions VALUES (33, 11, 33);
INSERT INTO public.auth_user_user_permissions VALUES (34, 11, 34);
INSERT INTO public.auth_user_user_permissions VALUES (35, 11, 35);
INSERT INTO public.auth_user_user_permissions VALUES (36, 11, 36);
INSERT INTO public.auth_user_user_permissions VALUES (37, 11, 37);
INSERT INTO public.auth_user_user_permissions VALUES (38, 11, 38);
INSERT INTO public.auth_user_user_permissions VALUES (39, 11, 39);
INSERT INTO public.auth_user_user_permissions VALUES (40, 11, 40);
INSERT INTO public.auth_user_user_permissions VALUES (41, 11, 41);
INSERT INTO public.auth_user_user_permissions VALUES (42, 11, 42);
INSERT INTO public.auth_user_user_permissions VALUES (43, 11, 43);
INSERT INTO public.auth_user_user_permissions VALUES (44, 11, 44);
INSERT INTO public.auth_user_user_permissions VALUES (45, 11, 45);
INSERT INTO public.auth_user_user_permissions VALUES (46, 11, 46);
INSERT INTO public.auth_user_user_permissions VALUES (47, 11, 47);
INSERT INTO public.auth_user_user_permissions VALUES (48, 11, 48);
INSERT INTO public.auth_user_user_permissions VALUES (49, 11, 49);
INSERT INTO public.auth_user_user_permissions VALUES (50, 11, 50);
INSERT INTO public.auth_user_user_permissions VALUES (51, 11, 51);
INSERT INTO public.auth_user_user_permissions VALUES (52, 11, 52);
INSERT INTO public.auth_user_user_permissions VALUES (53, 11, 53);
INSERT INTO public.auth_user_user_permissions VALUES (54, 11, 54);
INSERT INTO public.auth_user_user_permissions VALUES (55, 11, 55);
INSERT INTO public.auth_user_user_permissions VALUES (56, 11, 56);
INSERT INTO public.auth_user_user_permissions VALUES (57, 11, 57);
INSERT INTO public.auth_user_user_permissions VALUES (58, 11, 58);
INSERT INTO public.auth_user_user_permissions VALUES (59, 11, 59);
INSERT INTO public.auth_user_user_permissions VALUES (60, 11, 60);
INSERT INTO public.auth_user_user_permissions VALUES (61, 11, 61);
INSERT INTO public.auth_user_user_permissions VALUES (62, 11, 62);
INSERT INTO public.auth_user_user_permissions VALUES (63, 11, 63);
INSERT INTO public.auth_user_user_permissions VALUES (64, 11, 64);
INSERT INTO public.auth_user_user_permissions VALUES (65, 11, 65);
INSERT INTO public.auth_user_user_permissions VALUES (66, 11, 66);
INSERT INTO public.auth_user_user_permissions VALUES (67, 11, 67);
INSERT INTO public.auth_user_user_permissions VALUES (68, 11, 68);
INSERT INTO public.auth_user_user_permissions VALUES (69, 11, 69);
INSERT INTO public.auth_user_user_permissions VALUES (70, 11, 70);
INSERT INTO public.auth_user_user_permissions VALUES (71, 11, 71);
INSERT INTO public.auth_user_user_permissions VALUES (72, 11, 72);
INSERT INTO public.auth_user_user_permissions VALUES (73, 11, 73);
INSERT INTO public.auth_user_user_permissions VALUES (74, 11, 74);
INSERT INTO public.auth_user_user_permissions VALUES (75, 11, 75);
INSERT INTO public.auth_user_user_permissions VALUES (76, 11, 76);
INSERT INTO public.auth_user_user_permissions VALUES (77, 11, 77);
INSERT INTO public.auth_user_user_permissions VALUES (78, 11, 78);
INSERT INTO public.auth_user_user_permissions VALUES (79, 11, 79);
INSERT INTO public.auth_user_user_permissions VALUES (80, 11, 80);
INSERT INTO public.auth_user_user_permissions VALUES (81, 11, 81);
INSERT INTO public.auth_user_user_permissions VALUES (82, 11, 82);
INSERT INTO public.auth_user_user_permissions VALUES (83, 11, 83);
INSERT INTO public.auth_user_user_permissions VALUES (84, 11, 84);
INSERT INTO public.auth_user_user_permissions VALUES (85, 11, 85);
INSERT INTO public.auth_user_user_permissions VALUES (86, 11, 86);
INSERT INTO public.auth_user_user_permissions VALUES (87, 11, 87);
INSERT INTO public.auth_user_user_permissions VALUES (88, 11, 88);
INSERT INTO public.auth_user_user_permissions VALUES (89, 11, 89);
INSERT INTO public.auth_user_user_permissions VALUES (90, 11, 90);
INSERT INTO public.auth_user_user_permissions VALUES (91, 11, 91);
INSERT INTO public.auth_user_user_permissions VALUES (92, 11, 92);
INSERT INTO public.auth_user_user_permissions VALUES (93, 11, 93);
INSERT INTO public.auth_user_user_permissions VALUES (94, 11, 94);
INSERT INTO public.auth_user_user_permissions VALUES (95, 11, 95);
INSERT INTO public.auth_user_user_permissions VALUES (96, 11, 96);
INSERT INTO public.auth_user_user_permissions VALUES (97, 11, 97);
INSERT INTO public.auth_user_user_permissions VALUES (98, 11, 98);
INSERT INTO public.auth_user_user_permissions VALUES (99, 11, 99);
INSERT INTO public.auth_user_user_permissions VALUES (100, 11, 100);


--
-- TOC entry 4378 (class 0 OID 16728)
-- Dependencies: 239
-- Data for Name: django_admin_log; Type: TABLE DATA; Schema: public; Owner: postgres
--

INSERT INTO public.django_admin_log VALUES (1, '2023-04-11 19:40:15.069097+00', '2', 'anhlbse05203', 1, '[{"added": {}}]', 4, 1);
INSERT INTO public.django_admin_log VALUES (2, '2023-04-11 19:42:20.73724+00', '1', 'GROUP_Student', 1, '[{"added": {}}]', 3, 1);
INSERT INTO public.django_admin_log VALUES (3, '2023-04-11 19:42:47.317877+00', '2', 'GROUP_Teacher', 1, '[{"added": {}}]', 3, 1);
INSERT INTO public.django_admin_log VALUES (4, '2023-04-11 19:43:36.466426+00', '2', 'banhl.off', 2, '[{"changed": {"fields": ["Username", "First name", "Last name", "Email address", "Groups"]}}]', 4, 1);
INSERT INTO public.django_admin_log VALUES (5, '2023-04-11 19:44:23.515718+00', '1', '1_SP23', 1, '[{"added": {}}]', 19, 1);
INSERT INTO public.django_admin_log VALUES (6, '2023-04-11 19:46:02.092905+00', '1', '1_PY101', 1, '[{"added": {}}]', 21, 1);
INSERT INTO public.django_admin_log VALUES (7, '2023-04-11 19:46:21.708857+00', '1', '1_SE1515_PY101', 1, '[{"added": {}}]', 18, 1);
INSERT INTO public.django_admin_log VALUES (8, '2023-04-11 19:47:59.02146+00', '1', '1_SE1515_PY101_AplusB', 1, '[{"added": {}}]', 22, 1);
INSERT INTO public.django_admin_log VALUES (9, '2023-04-11 19:49:17.725446+00', '1', '1_banhl.off_SE1515_PY101_AplusB', 1, '[{"added": {}}]', 23, 1);
INSERT INTO public.django_admin_log VALUES (10, '2023-04-12 09:41:52.723212+00', '4', 'aaaaa', 3, '', 4, 1);
INSERT INTO public.django_admin_log VALUES (11, '2023-04-12 09:41:52.787796+00', '3', 'ngs.immortal', 3, '', 4, 1);
INSERT INTO public.django_admin_log VALUES (12, '2023-04-12 09:51:33.612639+00', '5', 'aaaaa', 3, '', 4, 1);
INSERT INTO public.django_admin_log VALUES (13, '2023-04-12 09:52:57.288089+00', '6', 'aaaaa', 3, '', 4, 1);
INSERT INTO public.django_admin_log VALUES (14, '2023-04-12 10:22:39.343608+00', '1', 'mLKPD2CDN1VzIoufh1xH45jPtzmHBoBKXawZ9yDw', 1, '[{"added": {}}]', 8, 1);
INSERT INTO public.django_admin_log VALUES (15, '2023-04-12 10:28:25.779706+00', '1', 'YAXRTne7Ev6moGkGvTReledhAG2Kyx', 2, '[{"changed": {"fields": ["Expires"]}}]', 9, 1);
INSERT INTO public.django_admin_log VALUES (16, '2023-04-12 16:43:00.457888+00', '2', '2_asas', 1, '[{"added": {}}]', 22, 1);
INSERT INTO public.django_admin_log VALUES (18, '2023-04-12 17:03:48.791136+00', '1', '1_SE1515_PY101_AplusB', 3, '', 22, 1);
INSERT INTO public.django_admin_log VALUES (19, '2023-04-12 17:04:59.901512+00', '2', '2_asas', 2, '[{"changed": {"fields": ["Io file"]}}]', 22, 1);
INSERT INTO public.django_admin_log VALUES (20, '2023-04-12 17:12:00.469513+00', '2', '2_PY_AplusB', 2, '[{"changed": {"fields": ["Assignment code"]}}]', 22, 1);
INSERT INTO public.django_admin_log VALUES (21, '2023-04-12 18:18:45.11297+00', '3', '3_TEST', 1, '[{"added": {}}]', 22, 1);
INSERT INTO public.django_admin_log VALUES (22, '2023-04-13 18:37:46.907506+00', '2', '2_SE1717_PRF192', 1, '[{"added": {}}]', 18, 1);
INSERT INTO public.django_admin_log VALUES (23, '2023-04-13 18:38:14.195656+00', '7', 'aaaaa', 3, '', 4, 1);
INSERT INTO public.django_admin_log VALUES (24, '2023-04-13 18:41:59.545167+00', '4', '4_SE1717_C_SortArray', 1, '[{"added": {}}]', 22, 1);
INSERT INTO public.django_admin_log VALUES (25, '2023-04-13 18:47:38.969398+00', '4', '4_SE1717_C_SortArray', 2, '[{"changed": {"fields": ["Io file"]}}]', 22, 1);
INSERT INTO public.django_admin_log VALUES (26, '2023-04-13 18:47:57.721316+00', '4', '4_SE1717_C_SortArray', 2, '[{"changed": {"fields": ["Io file"]}}]', 22, 1);
INSERT INTO public.django_admin_log VALUES (27, '2023-04-14 13:17:04.439507+00', '8', 'ngs.immortal', 2, '[{"changed": {"fields": ["First name", "Last name"]}}]', 4, 1);
INSERT INTO public.django_admin_log VALUES (28, '2023-04-14 13:17:29.60453+00', '1', 'admin', 2, '[{"changed": {"fields": ["First name"]}}]', 4, 1);
INSERT INTO public.django_admin_log VALUES (29, '2023-04-15 05:02:53.596631+00', '9', 'admin_2', 1, '[{"added": {}}]', 4, 1);
INSERT INTO public.django_admin_log VALUES (30, '2023-04-15 05:03:29.838905+00', '9', 'admin_2', 2, '[{"changed": {"fields": ["Email address", "Staff status", "Superuser status"]}}]', 4, 1);
INSERT INTO public.django_admin_log VALUES (31, '2023-04-15 05:05:18.691117+00', '2', '2_SU23', 1, '[{"added": {}}]', 19, 1);
INSERT INTO public.django_admin_log VALUES (32, '2023-04-15 05:06:54.493523+00', '2', '2_PRO192', 1, '[{"added": {}}]', 21, 1);
INSERT INTO public.django_admin_log VALUES (33, '2023-04-15 11:04:56.204899+00', '3', '3_PRN292', 1, '[{"added": {}}]', 21, 1);
INSERT INTO public.django_admin_log VALUES (34, '2023-04-15 11:06:06.579483+00', '3', '3_SE1801_PRN292', 1, '[{"added": {}}]', 18, 1);
INSERT INTO public.django_admin_log VALUES (35, '2023-04-15 11:15:33.030388+00', '5', '5_PY101_Find_Primes', 1, '[{"added": {}}]', 22, 1);
INSERT INTO public.django_admin_log VALUES (36, '2023-04-15 11:25:11.883237+00', '4', '4_banhl.off_PY101_Find_Primes', 1, '[{"added": {}}]', 23, 1);
INSERT INTO public.django_admin_log VALUES (37, '2023-04-15 11:48:36.289837+00', '6', '6_PRF192_Dice_Occurrence', 1, '[{"added": {}}]', 22, 1);
INSERT INTO public.django_admin_log VALUES (38, '2023-04-15 11:50:09.799414+00', '6', '6_PRF192_Dice_Occurrence', 2, '[{"changed": {"fields": ["Io file"]}}]', 22, 1);
INSERT INTO public.django_admin_log VALUES (39, '2023-04-15 11:51:27.98789+00', '5', '5_ngs.immortal_PRF192_Dice_Occurrence', 1, '[{"added": {}}]', 23, 1);
INSERT INTO public.django_admin_log VALUES (40, '2023-04-15 11:52:47.986633+00', '4', '4_PRF192', 1, '[{"added": {}}]', 21, 1);
INSERT INTO public.django_admin_log VALUES (41, '2023-04-15 11:53:01.827891+00', '2', '2_SE1717_PRF192', 2, '[{"changed": {"fields": ["Subject"]}}]', 18, 1);
INSERT INTO public.django_admin_log VALUES (42, '2023-04-15 12:01:45.219421+00', '3', '3_SP22', 1, '[{"added": {}}]', 19, 1);
INSERT INTO public.django_admin_log VALUES (43, '2023-04-15 12:01:59.274754+00', '4', '4_SE1411_PY101', 1, '[{"added": {}}]', 18, 1);
INSERT INTO public.django_admin_log VALUES (44, '2023-04-15 12:06:19.409052+00', '7', '7_SE1414_PY_Fibonacci', 1, '[{"added": {}}]', 22, 1);
INSERT INTO public.django_admin_log VALUES (45, '2023-04-15 12:08:21.636622+00', '6', '6_banhl.off_SE1414_PY_Fibonacci', 1, '[{"added": {}}]', 23, 1);
INSERT INTO public.django_admin_log VALUES (46, '2023-04-15 12:10:41.101411+00', '7', '7_ngs.immortal_SE1414_PY_Fibonacci', 1, '[{"added": {}}]', 23, 1);
INSERT INTO public.django_admin_log VALUES (47, '2023-04-15 17:00:45.585869+00', '7', '7_ngs.immortal_SE1414_PY_Fibonacci', 2, '[]', 23, 1);
INSERT INTO public.django_admin_log VALUES (48, '2023-04-17 12:58:43.988468+00', '2', 'banhl.off', 2, '[{"changed": {"fields": ["Staff status", "Superuser status"]}}]', 4, 1);
INSERT INTO public.django_admin_log VALUES (49, '2023-04-17 15:25:04.771053+00', '8', 'ngs.immortal', 2, '[{"changed": {"fields": ["Active"]}}]', 4, 1);
INSERT INTO public.django_admin_log VALUES (50, '2023-04-17 16:55:43.209239+00', '5', '5_SE1420_PY201', 1, '[{"added": {}}]', 18, 1);
INSERT INTO public.django_admin_log VALUES (51, '2023-04-17 16:55:59.052344+00', '2', 'banhl.off', 2, '[{"changed": {"fields": ["Staff status", "Superuser status"]}}]', 4, 1);
INSERT INTO public.django_admin_log VALUES (52, '2023-04-17 16:57:58.209955+00', '8', '8_SE1420_PY_Hello World', 1, '[{"added": {}}]', 22, 1);
INSERT INTO public.django_admin_log VALUES (53, '2023-04-18 02:35:01.406443+00', '10', 'test', 1, '[{"added": {}}]', 4, 1);
INSERT INTO public.django_admin_log VALUES (54, '2023-04-18 02:54:23.880247+00', '10', 'test', 2, '[{"changed": {"fields": ["Groups"]}}]', 4, 1);
INSERT INTO public.django_admin_log VALUES (55, '2023-04-18 02:56:16.478639+00', '10', 'test', 2, '[{"changed": {"fields": ["First name", "Last name"]}}]', 4, 1);
INSERT INTO public.django_admin_log VALUES (56, '2023-04-18 02:56:16.786263+00', '10', 'test', 2, '[]', 4, 1);
INSERT INTO public.django_admin_log VALUES (57, '2023-04-18 03:13:24.615056+00', '10', 'test', 2, '[{"changed": {"fields": ["Last name"]}}]', 4, 1);
INSERT INTO public.django_admin_log VALUES (58, '2023-04-18 03:15:58.232969+00', '1', '1_SE1515_PY101', 2, '[{"changed": {"fields": ["Students"]}}]', 18, 1);
INSERT INTO public.django_admin_log VALUES (59, '2023-04-18 03:16:58.741799+00', '1', '1_SE1515_PY101', 2, '[{"changed": {"fields": ["Students"]}}]', 18, 1);
INSERT INTO public.django_admin_log VALUES (60, '2023-04-18 07:36:42.381299+00', '1', '1_SE1515_PY101', 2, '[{"changed": {"fields": ["Students"]}}]', 18, 1);
INSERT INTO public.django_admin_log VALUES (61, '2023-04-18 07:36:50.404997+00', '1', '1_SE1515_PY101', 2, '[]', 18, 1);
INSERT INTO public.django_admin_log VALUES (62, '2023-04-18 07:37:15.202772+00', '4', '4_SE1411_PY101', 2, '[{"changed": {"fields": ["Students"]}}]', 18, 1);
INSERT INTO public.django_admin_log VALUES (63, '2023-04-18 07:43:05.760845+00', '6', '6_test_SE1414_PY_Fibonacci', 2, '[{"changed": {"fields": ["User"]}}]', 23, 1);
INSERT INTO public.django_admin_log VALUES (64, '2023-04-18 10:53:26.323795+00', '1', '1_c', 1, '[{"added": {}}]', 25, 1);
INSERT INTO public.django_admin_log VALUES (65, '2023-04-18 10:53:30.075552+00', '2', '2_c99', 1, '[{"added": {}}]', 25, 1);
INSERT INTO public.django_admin_log VALUES (66, '2023-04-18 10:53:41.061777+00', '3', '3_cpp', 1, '[{"added": {}}]', 25, 1);
INSERT INTO public.django_admin_log VALUES (67, '2023-04-18 10:53:45.449964+00', '4', '4_python2', 1, '[{"added": {}}]', 25, 1);
INSERT INTO public.django_admin_log VALUES (68, '2023-04-18 10:53:49.639178+00', '5', '5_python3', 1, '[{"added": {}}]', 25, 1);
INSERT INTO public.django_admin_log VALUES (69, '2023-04-18 10:53:59.90716+00', '6', '6_cpp14', 1, '[{"added": {}}]', 25, 1);
INSERT INTO public.django_admin_log VALUES (70, '2023-04-18 10:54:04.844141+00', '7', '7_cpp17', 1, '[{"added": {}}]', 25, 1);
INSERT INTO public.django_admin_log VALUES (71, '2023-04-18 10:54:29.932706+00', '8', '8_java', 1, '[{"added": {}}]', 25, 1);
INSERT INTO public.django_admin_log VALUES (72, '2023-04-18 10:54:38.671372+00', '9', '9_php', 1, '[{"added": {}}]', 25, 1);
INSERT INTO public.django_admin_log VALUES (73, '2023-04-18 10:54:47.178401+00', '10', '10_csharp', 1, '[{"added": {}}]', 25, 1);
INSERT INTO public.django_admin_log VALUES (74, '2023-04-18 10:54:51.312728+00', '11', '11_pascal', 1, '[{"added": {}}]', 25, 1);
INSERT INTO public.django_admin_log VALUES (75, '2023-04-18 10:58:09.271607+00', '6', '6_banhl.off_SE1414_PY_Fibonacci', 2, '[{"changed": {"fields": ["User"]}}]', 23, 1);
INSERT INTO public.django_admin_log VALUES (76, '2023-04-18 10:58:51.743437+00', '8', '8_test_SE1414_PY_Fibonacci', 1, '[{"added": {}}]', 23, 1);
INSERT INTO public.django_admin_log VALUES (77, '2023-04-18 10:59:39.583893+00', '2', '2_PY_AplusB', 2, '[{"changed": {"fields": ["Langs"]}}]', 22, 1);
INSERT INTO public.django_admin_log VALUES (78, '2023-04-18 11:00:23.905303+00', '8', '8_test_SE1414_PY_Fibonacci', 2, '[{"changed": {"fields": ["Content"]}}]', 23, 1);
INSERT INTO public.django_admin_log VALUES (79, '2023-04-18 11:06:43.061876+00', '8', '8_test_SE1414_PY_Fibonacci', 2, '[{"changed": {"fields": ["Lang"]}}]', 23, 1);
INSERT INTO public.django_admin_log VALUES (80, '2023-04-18 11:07:17.205436+00', '4', '4_SE1717_C_SortArray', 2, '[{"changed": {"fields": ["Langs"]}}]', 22, 1);
INSERT INTO public.django_admin_log VALUES (81, '2023-04-18 11:14:27.739361+00', '8', '8_test_SE1414_PY_Fibonacci', 3, '', 23, 1);
INSERT INTO public.django_admin_log VALUES (162, '2023-04-19 21:40:35.900478+00', '13', '13_test_SE1420_PY_Hello World', 3, '', 23, 1);
INSERT INTO public.django_admin_log VALUES (82, '2023-04-18 11:33:59.714707+00', '9', '9_test_SE1414_PY_Fibonacci', 2, '[{"changed": {"fields": ["Content"]}}]', 23, 1);
INSERT INTO public.django_admin_log VALUES (83, '2023-04-18 11:35:28.195002+00', '7', '7_SE1414_PY_Fibonacci', 2, '[]', 22, 1);
INSERT INTO public.django_admin_log VALUES (84, '2023-04-18 11:37:26.692525+00', '9', '9_test_SE1414_PY_Fibonacci', 2, '[{"changed": {"fields": ["Content"]}}]', 23, 1);
INSERT INTO public.django_admin_log VALUES (85, '2023-04-18 11:44:55.146772+00', '7', '7_SE1414_PY_Fibonacci', 2, '[{"changed": {"fields": ["Io file"]}}]', 22, 1);
INSERT INTO public.django_admin_log VALUES (86, '2023-04-18 11:45:15.916466+00', '7', '7_SE1414_PY_Fibonacci', 2, '[{"changed": {"fields": ["Io file"]}}]', 22, 1);
INSERT INTO public.django_admin_log VALUES (87, '2023-04-18 11:45:46.567806+00', '7', '7_SE1414_PY_Fibonacci', 2, '[{"changed": {"fields": ["Io file"]}}]', 22, 1);
INSERT INTO public.django_admin_log VALUES (88, '2023-04-18 11:57:45.875388+00', '1', '1_SE1515_PY101', 2, '[{"changed": {"fields": ["Students"]}}]', 18, 1);
INSERT INTO public.django_admin_log VALUES (89, '2023-04-18 12:01:04.091679+00', '7', '7_SE1414_PY_Fibonacci', 2, '[{"changed": {"fields": ["Io file"]}}]', 22, 1);
INSERT INTO public.django_admin_log VALUES (90, '2023-04-18 12:02:09.037679+00', '7', '7_SE1414_PY_Fibonacci', 2, '[{"changed": {"fields": ["Io file"]}}]', 22, 1);
INSERT INTO public.django_admin_log VALUES (91, '2023-04-18 12:07:54.689556+00', '7', '7_SE1414_PY_Fibonacci', 2, '[{"changed": {"fields": ["Io file"]}}]', 22, 1);
INSERT INTO public.django_admin_log VALUES (92, '2023-04-18 12:08:07.503509+00', '7', '7_SE1414_PY_Fibonacci', 2, '[{"changed": {"fields": ["Io file"]}}]', 22, 1);
INSERT INTO public.django_admin_log VALUES (93, '2023-04-18 12:09:15.473788+00', '7', '7_SE1414_PY_Fibonacci', 2, '[{"changed": {"fields": ["Io file"]}}]', 22, 1);
INSERT INTO public.django_admin_log VALUES (94, '2023-04-18 12:09:31.105354+00', '7', '7_SE1414_PY_Fibonacci', 2, '[{"changed": {"fields": ["Io file"]}}]', 22, 1);
INSERT INTO public.django_admin_log VALUES (95, '2023-04-18 12:18:59.388573+00', '9', '9_SE1420_NO_IO', 1, '[{"added": {}}]', 22, 1);
INSERT INTO public.django_admin_log VALUES (96, '2023-04-18 12:44:48.343701+00', '7', '7_SE1414_PY_Fibonacci', 2, '[{"changed": {"fields": ["Io file"]}}]', 22, 1);
INSERT INTO public.django_admin_log VALUES (97, '2023-04-18 12:45:01.605314+00', '7', '7_SE1414_PY_Fibonacci', 2, '[{"changed": {"fields": ["Io file"]}}]', 22, 1);
INSERT INTO public.django_admin_log VALUES (98, '2023-04-18 13:35:12.054724+00', '2', 'banhl.off', 2, '[{"changed": {"fields": ["Superuser status"]}}]', 4, 1);
INSERT INTO public.django_admin_log VALUES (99, '2023-04-18 13:35:34.549841+00', '2', 'banhl.off', 2, '[{"changed": {"fields": ["Staff status", "Superuser status"]}}]', 4, 1);
INSERT INTO public.django_admin_log VALUES (100, '2023-04-18 13:35:52.365722+00', '1', 'admin', 2, '[{"changed": {"fields": ["Groups"]}}]', 4, 1);
INSERT INTO public.django_admin_log VALUES (101, '2023-04-18 13:36:02.695148+00', '9', 'admin_2', 2, '[{"changed": {"fields": ["Groups"]}}]', 4, 1);
INSERT INTO public.django_admin_log VALUES (102, '2023-04-18 13:55:06.317352+00', '11', 'teacher', 1, '[{"added": {}}]', 4, 1);
INSERT INTO public.django_admin_log VALUES (103, '2023-04-18 13:55:14.091537+00', '11', 'teacher', 2, '[{"changed": {"fields": ["Groups"]}}]', 4, 1);
INSERT INTO public.django_admin_log VALUES (104, '2023-04-18 13:57:09.496399+00', '11', 'teacher', 2, '[{"changed": {"fields": ["First name", "Last name"]}}]', 4, 1);
INSERT INTO public.django_admin_log VALUES (105, '2023-04-18 14:36:26.175346+00', '6', '6_1', 3, '', 18, 1);
INSERT INTO public.django_admin_log VALUES (106, '2023-04-18 16:01:55.756855+00', '7', '7_1', 3, '', 18, 1);
INSERT INTO public.django_admin_log VALUES (107, '2023-04-18 16:07:58.705428+00', '9', '9_1', 3, '', 18, 1);
INSERT INTO public.django_admin_log VALUES (108, '2023-04-18 16:07:58.724118+00', '8', '8_', 3, '', 18, 1);
INSERT INTO public.django_admin_log VALUES (109, '2023-04-18 16:21:53.577082+00', '10', '10_TEST CREATE', 3, '', 22, 1);
INSERT INTO public.django_admin_log VALUES (110, '2023-04-18 16:31:59.706996+00', '11', '11_TEST CREATE', 3, '', 22, 1);
INSERT INTO public.django_admin_log VALUES (111, '2023-04-18 16:35:58.53982+00', '12', '12_TEST CREATE', 3, '', 22, 1);
INSERT INTO public.django_admin_log VALUES (112, '2023-04-18 17:01:40.295889+00', '10', '10_1', 3, '', 18, 1);
INSERT INTO public.django_admin_log VALUES (113, '2023-04-18 21:17:52.596498+00', '1', '1_c', 2, '[{"changed": {"fields": ["Display"]}}]', 25, 1);
INSERT INTO public.django_admin_log VALUES (114, '2023-04-18 21:18:05.093526+00', '2', '2_c99', 2, '[{"changed": {"fields": ["Display"]}}]', 25, 1);
INSERT INTO public.django_admin_log VALUES (115, '2023-04-18 21:27:37.696287+00', '11', '11_pascal', 2, '[{"changed": {"fields": ["Display"]}}]', 25, 1);
INSERT INTO public.django_admin_log VALUES (116, '2023-04-18 21:27:45.932274+00', '10', '10_csharp', 2, '[{"changed": {"fields": ["Display"]}}]', 25, 1);
INSERT INTO public.django_admin_log VALUES (117, '2023-04-18 21:27:53.760668+00', '9', '9_php', 2, '[{"changed": {"fields": ["Display"]}}]', 25, 1);
INSERT INTO public.django_admin_log VALUES (118, '2023-04-18 21:28:02.69488+00', '8', '8_java', 2, '[{"changed": {"fields": ["Display"]}}]', 25, 1);
INSERT INTO public.django_admin_log VALUES (119, '2023-04-18 21:28:11.614061+00', '7', '7_cpp17', 2, '[{"changed": {"fields": ["Display"]}}]', 25, 1);
INSERT INTO public.django_admin_log VALUES (120, '2023-04-18 21:28:20.573042+00', '6', '6_cpp14', 2, '[{"changed": {"fields": ["Display"]}}]', 25, 1);
INSERT INTO public.django_admin_log VALUES (121, '2023-04-18 21:28:29.732861+00', '5', '5_python3', 2, '[{"changed": {"fields": ["Display"]}}]', 25, 1);
INSERT INTO public.django_admin_log VALUES (122, '2023-04-18 21:28:39.962272+00', '4', '4_python2', 2, '[{"changed": {"fields": ["Display"]}}]', 25, 1);
INSERT INTO public.django_admin_log VALUES (123, '2023-04-18 21:30:11.356619+00', '12', '12_sql', 1, '[{"added": {}}]', 25, 1);
INSERT INTO public.django_admin_log VALUES (124, '2023-04-19 00:21:19.697058+00', '11', '11_1', 2, '[{"changed": {"fields": ["Instructor"]}}]', 18, 1);
INSERT INTO public.django_admin_log VALUES (125, '2023-04-19 00:26:08.956489+00', '11', '11_1', 2, '[]', 18, 1);
INSERT INTO public.django_admin_log VALUES (126, '2023-04-19 01:20:23.843972+00', '11', 'teacher', 2, '[{"changed": {"fields": ["Staff status", "Superuser status"]}}]', 4, 1);
INSERT INTO public.django_admin_log VALUES (127, '2023-04-19 01:20:33.155811+00', '11', 'teacher', 2, '[{"changed": {"fields": ["User permissions"]}}]', 4, 1);
INSERT INTO public.django_admin_log VALUES (128, '2023-04-19 04:48:01.088813+00', '12', 'HUNGLNHE141720', 3, '', 4, 1);
INSERT INTO public.django_admin_log VALUES (129, '2023-04-19 04:48:01.106342+00', '13', 'HUNGLNHE141720_3275b5e0-de6c-11ed-bafc-e512383c0651', 3, '', 4, 1);
INSERT INTO public.django_admin_log VALUES (130, '2023-04-19 05:02:57.614231+00', '13', '13_TEST CREATE', 2, '[{"changed": {"fields": ["Langs"]}}]', 22, 1);
INSERT INTO public.django_admin_log VALUES (131, '2023-04-19 07:14:20.254973+00', '14', 'HUNGLNHE141720', 3, '', 4, 1);
INSERT INTO public.django_admin_log VALUES (132, '2023-04-19 07:14:20.274074+00', '15', 'HUNGLNHE141720_9e4803e4-de81-11ed-a208-316f19878ab1', 3, '', 4, 1);
INSERT INTO public.django_admin_log VALUES (133, '2023-04-19 07:45:45.1161+00', '13', '13_SE1512-CSD201-APHL', 3, '', 18, 1);
INSERT INTO public.django_admin_log VALUES (134, '2023-04-19 07:45:45.135923+00', '12', '12_12387612538712', 3, '', 18, 1);
INSERT INTO public.django_admin_log VALUES (135, '2023-04-19 07:45:45.155013+00', '11', '11_1', 3, '', 18, 1);
INSERT INTO public.django_admin_log VALUES (136, '2023-04-19 07:46:41.708472+00', '14', '14_SE1512-CSD201-APHL', 3, '', 18, 1);
INSERT INTO public.django_admin_log VALUES (137, '2023-04-19 07:50:20.253746+00', '15', '15_SE1512-CSD201-APHL', 3, '', 18, 1);
INSERT INTO public.django_admin_log VALUES (138, '2023-04-19 07:53:27.387549+00', '16', 'HUNGLNHE141720', 3, '', 4, 1);
INSERT INTO public.django_admin_log VALUES (139, '2023-04-19 07:53:27.407095+00', '17', 'HUNGLNHE141720_d160e922-de85-11ed-9937-a5b1e82d529b', 3, '', 4, 1);
INSERT INTO public.django_admin_log VALUES (140, '2023-04-19 08:51:10.889182+00', '19', 'HUNGLNHE141720_eb4e80c6-de8d-11ed-ab8a-6b73e15d8041', 3, '', 4, 1);
INSERT INTO public.django_admin_log VALUES (141, '2023-04-19 09:52:26.62449+00', '2', 'banhl.off', 2, '[{"changed": {"fields": ["Staff status"]}}]', 4, 1);
INSERT INTO public.django_admin_log VALUES (142, '2023-04-19 10:26:11.706971+00', '8', '8_SE1420_PY_Hello World', 2, '[{"changed": {"fields": ["Langs"]}}]', 22, 1);
INSERT INTO public.django_admin_log VALUES (143, '2023-04-19 13:55:56.087076+00', '10', 'test', 2, '[{"changed": {"fields": ["Email address"]}}]', 4, 1);
INSERT INTO public.django_admin_log VALUES (144, '2023-04-19 14:06:22.23002+00', '14', '14_TEST CREATE 2', 2, '[{"changed": {"fields": ["Langs"]}}]', 22, 1);
INSERT INTO public.django_admin_log VALUES (145, '2023-04-19 14:14:44.235644+00', '14', '14_TEST CREATE 2', 2, '[{"changed": {"fields": ["Is open"]}}]', 22, 1);
INSERT INTO public.django_admin_log VALUES (146, '2023-04-19 14:14:53.014137+00', '13', '13_TEST CREATE', 2, '[{"changed": {"fields": ["Is open"]}}]', 22, 1);
INSERT INTO public.django_admin_log VALUES (147, '2023-04-19 14:48:08.126663+00', '11', '11_test_TEST CREATE 2', 3, '', 23, 1);
INSERT INTO public.django_admin_log VALUES (148, '2023-04-19 16:26:16.763274+00', '20', '20_SE1516-PYP101-APHL', 2, '[{"changed": {"fields": ["Langs"]}}]', 18, 1);
INSERT INTO public.django_admin_log VALUES (149, '2023-04-19 16:29:38.328423+00', '2', 'banhl.off', 2, '[{"changed": {"fields": ["Staff status"]}}]', 4, 1);
INSERT INTO public.django_admin_log VALUES (150, '2023-04-19 16:36:47.46704+00', '16', '16_TEST CREATE 10', 3, '', 22, 1);
INSERT INTO public.django_admin_log VALUES (151, '2023-04-19 16:42:25.182127+00', '17', '17_TEST CREATE 10', 3, '', 22, 1);
INSERT INTO public.django_admin_log VALUES (152, '2023-04-19 16:43:38.49183+00', '18', '18_TEST CREATE 10', 3, '', 22, 1);
INSERT INTO public.django_admin_log VALUES (153, '2023-04-19 16:45:36.835677+00', '19', '19_TEST CREATE 10', 3, '', 22, 1);
INSERT INTO public.django_admin_log VALUES (154, '2023-04-19 16:46:04.8494+00', '14', '14_TEST CREATE 2', 3, '', 22, 1);
INSERT INTO public.django_admin_log VALUES (155, '2023-04-19 16:46:04.870656+00', '13', '13_TEST CREATE', 3, '', 22, 1);
INSERT INTO public.django_admin_log VALUES (156, '2023-04-19 16:46:04.890356+00', '9', '9_SE1420_NO_IO', 3, '', 22, 1);
INSERT INTO public.django_admin_log VALUES (157, '2023-04-19 16:46:04.910266+00', '3', '3_TEST', 3, '', 22, 1);
INSERT INTO public.django_admin_log VALUES (158, '2023-04-19 21:30:52.530916+00', '8', '8_SE1420_PY_Hello World', 2, '[{"changed": {"fields": ["Langs"]}}]', 22, 1);
INSERT INTO public.django_admin_log VALUES (159, '2023-04-19 21:31:30.069862+00', '8', '8_SE1420_PY_Hello World', 2, '[{"changed": {"fields": ["Langs"]}}]', 22, 1);
INSERT INTO public.django_admin_log VALUES (160, '2023-04-19 21:32:43.208312+00', '8', '8_SE1420_PY_Hello World', 2, '[{"changed": {"fields": ["In class"]}}]', 22, 1);
INSERT INTO public.django_admin_log VALUES (161, '2023-04-19 21:35:05.527478+00', '8', '8_SE1420_PY_Hello World', 2, '[]', 22, 1);
INSERT INTO public.django_admin_log VALUES (163, '2023-04-19 22:06:16.673342+00', '9', '9_test_SE1414_PY_Fibonacci', 3, '', 23, 1);
INSERT INTO public.django_admin_log VALUES (164, '2023-04-19 22:20:09.965232+00', '7', '7_SE1414_PY_Fibonacci', 2, '[{"changed": {"fields": ["Langs"]}}]', 22, 1);
INSERT INTO public.django_admin_log VALUES (165, '2023-04-20 04:00:13.753024+00', '11', 'teacher', 2, '[{"changed": {"fields": ["Email address"]}}]', 4, 1);
INSERT INTO public.django_admin_log VALUES (166, '2023-04-20 07:34:17.273734+00', '4', '4_SE1411_PY101', 2, '[{"changed": {"fields": ["Langs", "Instructor"]}}]', 18, 1);
INSERT INTO public.django_admin_log VALUES (167, '2023-04-20 07:35:00.954164+00', '5', '5_SE1420_PY201', 2, '[{"changed": {"fields": ["Langs", "Instructor"]}}]', 18, 1);
INSERT INTO public.django_admin_log VALUES (168, '2023-04-20 08:23:55.429467+00', '21', '21_TEST CREATE 5', 3, '', 22, 1);
INSERT INTO public.django_admin_log VALUES (169, '2023-04-20 08:23:55.446974+00', '20', '20_TEST CREATE 10', 3, '', 22, 1);
INSERT INTO public.django_admin_log VALUES (170, '2023-04-20 08:24:57.272969+00', '22', '22_TEST CREATE 5', 3, '', 22, 1);
INSERT INTO public.django_admin_log VALUES (171, '2023-04-20 08:31:45.245291+00', '24', '24_asdcs', 3, '', 22, 1);
INSERT INTO public.django_admin_log VALUES (172, '2023-04-20 08:31:45.26539+00', '23', '23_asdc', 3, '', 22, 1);
INSERT INTO public.django_admin_log VALUES (173, '2023-04-20 08:53:42.284968+00', '26', '26_TEST CREATE 5', 3, '', 22, 1);
INSERT INTO public.django_admin_log VALUES (174, '2023-04-20 08:53:42.303057+00', '25', '25_asdcs', 3, '', 22, 1);
INSERT INTO public.django_admin_log VALUES (175, '2023-04-20 08:57:49.385401+00', '1', 'GROUP_Student', 2, '[{"changed": {"fields": ["Permissions"]}}]', 3, 1);
INSERT INTO public.django_admin_log VALUES (176, '2023-04-20 08:58:18.119471+00', '1', 'GROUP_Student', 2, '[{"changed": {"fields": ["Permissions"]}}]', 3, 1);
INSERT INTO public.django_admin_log VALUES (177, '2023-04-20 08:58:32.809764+00', '2', 'GROUP_Teacher', 2, '[{"changed": {"fields": ["Permissions"]}}]', 3, 1);
INSERT INTO public.django_admin_log VALUES (178, '2023-04-20 12:02:29.226869+00', '2', '2_banhl.off', 2, '[{"changed": {"fields": ["Code"]}}]', 20, 1);
INSERT INTO public.django_admin_log VALUES (179, '2023-04-21 02:53:33.022783+00', '2', 'banhl.off', 2, '[{"changed": {"fields": ["Staff status"]}}]', 4, 1);
INSERT INTO public.django_admin_log VALUES (180, '2023-04-21 02:54:12.444188+00', '8', 'ngs.immortal', 3, '', 4, 1);
INSERT INTO public.django_admin_log VALUES (181, '2023-04-21 06:02:50.299102+00', '2', 'banhl.off', 2, '[{"changed": {"fields": ["Staff status"]}}]', 4, 1);
INSERT INTO public.django_admin_log VALUES (182, '2023-04-21 06:10:44.116602+00', '2', 'banhl.off', 2, '[{"changed": {"fields": ["Groups"]}}]', 4, 1);
INSERT INTO public.django_admin_log VALUES (183, '2023-04-21 06:12:47.654066+00', '21', 'no_group_user', 1, '[{"added": {}}]', 4, 1);
INSERT INTO public.django_admin_log VALUES (184, '2023-04-21 06:15:37.399913+00', '21', 'no_group_user', 2, '[{"changed": {"fields": ["Groups"]}}]', 4, 1);
INSERT INTO public.django_admin_log VALUES (185, '2023-04-21 07:08:15.031783+00', '2', '2_PY_AplusB', 2, '[{"changed": {"fields": ["In class"]}}]', 22, 1);
INSERT INTO public.django_admin_log VALUES (186, '2023-04-21 07:08:15.36687+00', '2', '2_PY_AplusB', 2, '[]', 22, 1);
INSERT INTO public.django_admin_log VALUES (187, '2023-04-21 08:11:33.8346+00', '1', 'admin', 2, '[{"changed": {"fields": ["Date joined"]}}]', 4, 1);
INSERT INTO public.django_admin_log VALUES (188, '2023-04-21 08:34:03.236022+00', '4', '4_SE1411_PY101', 2, '[{"changed": {"fields": ["Students"]}}]', 18, 1);
INSERT INTO public.django_admin_log VALUES (189, '2023-04-21 15:34:06.35478+00', '2', 'banhl.off', 2, '[{"changed": {"fields": ["Staff status"]}}]', 4, 1);
INSERT INTO public.django_admin_log VALUES (190, '2023-04-21 19:25:51.360648+00', '2', 'GROUP_Teacher', 2, '[{"changed": {"fields": ["Permissions"]}}]', 3, 1);
INSERT INTO public.django_admin_log VALUES (191, '2023-04-21 19:35:48.305575+00', '4', '4_FA22', 1, '[{"added": {}}]', 19, 1);
INSERT INTO public.django_admin_log VALUES (192, '2023-04-21 19:36:43.943473+00', '3', '3_SP22', 2, '[{"changed": {"fields": ["Date start", "Date end"]}}]', 19, 1);
INSERT INTO public.django_admin_log VALUES (193, '2023-04-22 00:32:42.577101+00', '27', '27_asdcs', 2, '[{"changed": {"fields": ["In class"]}}]', 22, 1);
INSERT INTO public.django_admin_log VALUES (194, '2023-04-22 00:33:14.383257+00', '27', '27_asdcs', 2, '[{"changed": {"fields": ["In class"]}}]', 22, 1);
INSERT INTO public.django_admin_log VALUES (195, '2023-04-22 02:32:08.073621+00', '34', '34_TEST CREATE 5', 3, '', 22, 1);
INSERT INTO public.django_admin_log VALUES (196, '2023-04-22 02:32:08.09267+00', '29', '29_TEST CREATE 5', 3, '', 22, 1);
INSERT INTO public.django_admin_log VALUES (197, '2023-04-22 02:32:08.11032+00', '28', '28_TEST CREATE 5', 3, '', 22, 1);
INSERT INTO public.django_admin_log VALUES (198, '2023-04-22 02:36:51.972959+00', '40', '40_TEST CREATE 5s', 3, '', 22, 1);
INSERT INTO public.django_admin_log VALUES (199, '2023-04-22 02:36:51.991532+00', '38', '38_TEST CREATE 5', 3, '', 22, 1);
INSERT INTO public.django_admin_log VALUES (200, '2023-04-22 02:36:52.009681+00', '37', '37_TEST CREATE 5', 3, '', 22, 1);
INSERT INTO public.django_admin_log VALUES (201, '2023-04-22 02:42:10.949598+00', '41', '41_TEST CREATE 5s', 3, '', 22, 1);
INSERT INTO public.django_admin_log VALUES (202, '2023-04-22 04:18:25.95347+00', '2', 'banhl.off', 2, '[{"changed": {"fields": ["Staff status"]}}]', 4, 1);
INSERT INTO public.django_admin_log VALUES (203, '2023-04-22 04:25:13.999552+00', '46', '46_TEST CREATE 8', 3, '', 22, 1);
INSERT INTO public.django_admin_log VALUES (204, '2023-04-22 04:25:14.017404+00', '45', '45_TEST CREATE 7', 3, '', 22, 1);
INSERT INTO public.django_admin_log VALUES (205, '2023-04-22 04:25:14.034198+00', '44', '44_TEST CREATE 6', 3, '', 22, 1);
INSERT INTO public.django_admin_log VALUES (206, '2023-04-22 04:25:14.05089+00', '43', '43_TEST CREATE 5s', 3, '', 22, 1);
INSERT INTO public.django_admin_log VALUES (207, '2023-04-22 04:25:14.067802+00', '42', '42_TEST CREATE 5s', 3, '', 22, 1);
INSERT INTO public.django_admin_log VALUES (208, '2023-04-22 04:25:14.084555+00', '27', '27_asdcs', 3, '', 22, 1);
INSERT INTO public.django_admin_log VALUES (209, '2023-04-22 04:44:38.066359+00', '47', '47_TEST CREATE 7', 3, '', 22, 1);
INSERT INTO public.django_admin_log VALUES (210, '2023-04-22 04:45:41.393509+00', '48', '48_TEST CREATE 7', 3, '', 22, 1);
INSERT INTO public.django_admin_log VALUES (211, '2023-04-22 05:37:37.19561+00', '55', '55_TEST CREATE 3', 2, '[{"changed": {"fields": ["Title", "Langs"]}}]', 22, 1);
INSERT INTO public.django_admin_log VALUES (212, '2023-04-22 05:37:52.979039+00', '56', '56_TEST CREATE 31', 2, '[{"changed": {"fields": ["Title", "Langs"]}}]', 22, 1);
INSERT INTO public.django_admin_log VALUES (213, '2023-04-22 05:38:02.776854+00', '54', '54_TEST CREATE 8', 3, '', 22, 1);
INSERT INTO public.django_admin_log VALUES (214, '2023-04-22 06:48:11.617983+00', '17', '17_SE1513-PYP101-APHL', 2, '[{"changed": {"fields": ["Students", "Langs"]}}]', 18, 1);
INSERT INTO public.django_admin_log VALUES (215, '2023-04-22 06:48:15.396158+00', '17', '17_SE1513-PYP101-APHL', 2, '[]', 18, 1);
INSERT INTO public.django_admin_log VALUES (216, '2023-04-22 10:23:46.425842+00', '2', 'banhl.off', 2, '[{"changed": {"fields": ["Staff status"]}}]', 4, 1);
INSERT INTO public.django_admin_log VALUES (217, '2023-04-22 10:24:29.1769+00', '17', '17_SE1513-PYP101-APHL', 2, '[{"changed": {"fields": ["Students"]}}]', 18, 1);
INSERT INTO public.django_admin_log VALUES (218, '2023-04-22 10:46:31.917529+00', '2', 'banhl.off', 2, '[{"changed": {"fields": ["Staff status"]}}]', 4, 1);
INSERT INTO public.django_admin_log VALUES (219, '2023-04-23 05:01:20.306416+00', '17', '17_A.BARNES_SE1414_PY_Fibonacci', 1, '[{"added": {}}]', 23, 1);
INSERT INTO public.django_admin_log VALUES (220, '2023-04-23 05:57:30.961947+00', '32', 'adminfake', 1, '[{"added": {}}]', 4, 1);
INSERT INTO public.django_admin_log VALUES (221, '2023-04-23 05:57:58.489006+00', '32', 'adminfake', 2, '[]', 4, 1);
INSERT INTO public.django_admin_log VALUES (222, '2023-04-23 06:13:30.786179+00', '32', 'adminfake', 2, '[{"changed": {"fields": ["Staff status", "Superuser status"]}}]', 4, 1);
INSERT INTO public.django_admin_log VALUES (223, '2023-04-23 10:32:29.636893+00', '5', '5_PRO292', 1, '[{"added": {}}]', 21, 1);
INSERT INTO public.django_admin_log VALUES (224, '2023-04-23 10:32:38.081059+00', '21', '21_SE1414_PRO192', 1, '[{"added": {}}]', 18, 1);
INSERT INTO public.django_admin_log VALUES (225, '2023-04-23 10:43:32.818802+00', '55', '55_SE1414_PRO192_Shortening_Name', 2, '[{"changed": {"fields": ["In class", "Title", "Assignment code", "Description", "Io file"]}}]', 22, 1);
INSERT INTO public.django_admin_log VALUES (226, '2023-04-23 10:43:58.144555+00', '55', '55_SE1414_PRO192_Shortening_Name', 2, '[{"changed": {"fields": ["Langs"]}}]', 22, 1);
INSERT INTO public.django_admin_log VALUES (227, '2023-04-23 10:44:37.559809+00', '18', '18_banhl.off_SE1414_PRO192_Shortening_Name', 1, '[{"added": {}}]', 23, 1);
INSERT INTO public.django_admin_log VALUES (228, '2023-04-23 11:59:53.42496+00', '18', '18_banhl.off_SE1414_PRO192_Shortening_Name', 2, '[{"changed": {"fields": ["Content", "Status", "Score"]}}]', 23, 1);
INSERT INTO public.django_admin_log VALUES (229, '2023-04-23 12:00:05.513462+00', '16', '16_banhl.off_qwd', 3, '', 23, 1);
INSERT INTO public.django_admin_log VALUES (230, '2023-04-23 12:01:21.998701+00', '64', '64_qwd', 3, '', 22, 1);
INSERT INTO public.django_admin_log VALUES (231, '2023-04-23 12:01:22.017768+00', '63', '63_asc', 3, '', 22, 1);
INSERT INTO public.django_admin_log VALUES (232, '2023-04-23 12:01:22.036539+00', '61', '61_TEST CREATE 30', 3, '', 22, 1);
INSERT INTO public.django_admin_log VALUES (233, '2023-04-23 12:01:22.054127+00', '58', '58_TEST CREATE 5', 3, '', 22, 1);
INSERT INTO public.django_admin_log VALUES (234, '2023-04-23 12:01:22.071775+00', '57', '57_qwd', 3, '', 22, 1);
INSERT INTO public.django_admin_log VALUES (235, '2023-04-23 12:01:22.089918+00', '56', '56_TEST CREATE 31', 3, '', 22, 1);
INSERT INTO public.django_admin_log VALUES (236, '2023-04-23 12:01:22.108091+00', '5', '5_TEST CREAT', 3, '', 22, 1);
INSERT INTO public.django_admin_log VALUES (237, '2023-04-23 12:02:21.157088+00', '6', '6_PRF192_Dice_Occurrence', 2, '[{"changed": {"fields": ["Langs"]}}]', 22, 1);
INSERT INTO public.django_admin_log VALUES (238, '2023-04-23 12:03:34.034234+00', '1', 'admin', 2, '[{"changed": {"fields": ["Email address"]}}]', 4, 1);
INSERT INTO public.django_admin_log VALUES (239, '2023-04-24 02:11:36.958404+00', '5', '5_SU22', 1, '[{"added": {}}]', 19, 1);
INSERT INTO public.django_admin_log VALUES (240, '2023-04-24 02:12:09.656906+00', '2', '2_SU23', 2, '[{"changed": {"fields": ["Date start", "Date end"]}}]', 19, 1);
INSERT INTO public.django_admin_log VALUES (241, '2023-04-24 02:12:30.81762+00', '1', '1_SP23', 2, '[{"changed": {"fields": ["Date start"]}}]', 19, 1);
INSERT INTO public.django_admin_log VALUES (242, '2023-04-24 09:03:49.178008+00', '1', 'admin', 2, '[{"changed": {"fields": ["Superuser status"]}}]', 4, 1);
INSERT INTO public.django_admin_log VALUES (243, '2023-04-24 09:04:02.083236+00', '1', 'admin', 2, '[{"changed": {"fields": ["Superuser status"]}}]', 4, 1);
INSERT INTO public.django_admin_log VALUES (244, '2023-04-24 10:57:39.742961+00', '32', 'adminfake', 2, '[{"changed": {"fields": ["First name"]}}]', 4, 1);
INSERT INTO public.django_admin_log VALUES (245, '2023-04-24 10:58:09.605825+00', '32', 'adminfake', 2, '[{"changed": {"fields": ["First name", "Last name"]}}]', 4, 1);
INSERT INTO public.django_admin_log VALUES (246, '2023-04-25 04:42:11.112444+00', '11', 'teacher', 2, '[{"changed": {"fields": ["Staff status", "Superuser status"]}}]', 4, 1);
INSERT INTO public.django_admin_log VALUES (247, '2023-04-25 04:42:19.25011+00', '10', 'test', 2, '[]', 4, 1);
INSERT INTO public.django_admin_log VALUES (248, '2023-04-25 05:12:11.939077+00', '9', 'admin_2', 2, '[{"changed": {"fields": ["First name", "Last name"]}}]', 4, 1);
INSERT INTO public.django_admin_log VALUES (249, '2023-04-25 07:44:02.15635+00', '33', 'anhlbse05203', 1, '[{"added": {}}]', 4, 1);
INSERT INTO public.django_admin_log VALUES (250, '2023-04-25 07:47:37.132365+00', '33', 'anhlbse05203', 3, '', 4, 1);
INSERT INTO public.django_admin_log VALUES (251, '2023-04-25 08:32:52.261075+00', '34', 's', 1, '[{"added": {}}]', 4, 1);
INSERT INTO public.django_admin_log VALUES (252, '2023-04-25 08:33:51.448077+00', '34', 's', 2, '[]', 4, 1);
INSERT INTO public.django_admin_log VALUES (253, '2023-04-25 08:36:51.558047+00', '34', 's', 2, '[{"changed": {"fields": ["Groups"]}}]', 4, 1);
INSERT INTO public.django_admin_log VALUES (254, '2023-04-25 08:37:00.179243+00', '34', 's', 2, '[{"changed": {"fields": ["Email address"]}}]', 4, 1);
INSERT INTO public.django_admin_log VALUES (255, '2023-04-25 08:38:00.455784+00', '34', 's', 2, '[{"changed": {"fields": ["First name", "Last name"]}}]', 4, 1);
INSERT INTO public.django_admin_log VALUES (256, '2023-04-25 08:43:54.096796+00', '34', '34_s', 1, '[{"added": {}}]', 20, 1);
INSERT INTO public.django_admin_log VALUES (257, '2023-04-25 08:53:06.646902+00', '35', 's', 1, '[{"added": {}}]', 4, 1);
INSERT INTO public.django_admin_log VALUES (258, '2023-04-25 08:53:13.121264+00', '35', 's', 2, '[{"changed": {"fields": ["Groups"]}}]', 4, 1);
INSERT INTO public.django_admin_log VALUES (259, '2023-04-25 08:53:25.875853+00', '35', '35_s', 1, '[{"added": {}}]', 20, 1);
INSERT INTO public.django_admin_log VALUES (260, '2023-04-25 09:01:03.758854+00', '36', 's', 1, '[{"added": {}}]', 4, 1);
INSERT INTO public.django_admin_log VALUES (261, '2023-04-25 09:01:10.895599+00', '36', 's', 2, '[{"changed": {"fields": ["Groups"]}}]', 4, 1);
INSERT INTO public.django_admin_log VALUES (262, '2023-04-25 09:01:23.780161+00', '36', '36_s', 1, '[{"added": {}}]', 20, 1);
INSERT INTO public.django_admin_log VALUES (263, '2023-04-25 09:06:03.25175+00', '37', 's', 1, '[{"added": {}}]', 4, 1);
INSERT INTO public.django_admin_log VALUES (264, '2023-04-25 09:06:10.513168+00', '37', 's', 2, '[{"changed": {"fields": ["Groups"]}}]', 4, 1);
INSERT INTO public.django_admin_log VALUES (265, '2023-04-25 09:06:21.731165+00', '37', '37_s', 1, '[{"added": {}}]', 20, 1);
INSERT INTO public.django_admin_log VALUES (266, '2023-04-25 09:09:21.980125+00', '65', '65_sdf', 1, '[{"added": {}}]', 22, 1);
INSERT INTO public.django_admin_log VALUES (267, '2023-04-25 12:54:41.524321+00', '18', '18_banhl.off_SE1414_PRO192_Shortening_Name', 2, '[{"changed": {"fields": ["Content"]}}]', 23, 1);
INSERT INTO public.django_admin_log VALUES (268, '2023-04-25 13:14:11.206788+00', '18', '18_banhl.off_SE1414_PRO192_Shortening_Name', 2, '[{"changed": {"fields": ["Content"]}}]', 23, 1);
INSERT INTO public.django_admin_log VALUES (269, '2023-04-25 13:27:05.609599+00', '18', '18_banhl.off_SE1414_PRO192_Shortening_Name', 2, '[{"changed": {"fields": ["Content"]}}]', 23, 1);
INSERT INTO public.django_admin_log VALUES (270, '2023-04-25 13:33:42.382811+00', '55', '55_SE1414_PRO192_Shortening_Name', 2, '[{"changed": {"fields": ["Io file"]}}]', 22, 1);
INSERT INTO public.django_admin_log VALUES (271, '2023-04-25 14:39:22.635495+00', '5', '5_SE1420_PY201', 2, '[{"changed": {"fields": ["Is open"]}}]', 18, 1);
INSERT INTO public.django_admin_log VALUES (272, '2023-04-25 14:40:00.068808+00', '8', '8_SE1420_PY_Hello World', 2, '[{"changed": {"fields": ["In class"]}}]', 22, 1);
INSERT INTO public.django_admin_log VALUES (273, '2023-04-25 14:44:44.618391+00', '8', '8_SE1420_PY_Hello World', 2, '[{"changed": {"fields": ["Is open"]}}]', 22, 1);
INSERT INTO public.django_admin_log VALUES (274, '2023-04-25 16:25:34.150159+00', '55', '55_SE1414_PRO192_Shortening_Name', 2, '[{"changed": {"fields": ["Is deleted"]}}]', 22, 1);
INSERT INTO public.django_admin_log VALUES (275, '2023-04-25 16:32:42.167642+00', '1', '1_SE1515_PY101', 2, '[{"changed": {"fields": ["Is deleted"]}}]', 18, 1);
INSERT INTO public.django_admin_log VALUES (276, '2023-04-25 16:53:52.84952+00', '1', '1_SE1515_PY101', 2, '[{"changed": {"fields": ["Is deleted"]}}]', 18, 1);
INSERT INTO public.django_admin_log VALUES (277, '2023-04-25 17:37:53.378679+00', '66', '66_CSD201_Xp_Hnh', 1, '[{"added": {}}]', 22, 1);
INSERT INTO public.django_admin_log VALUES (278, '2023-04-25 17:39:19.779285+00', '66', '66_CSD201_Xp_Hnh', 2, '[{"changed": {"fields": ["Title"]}}]', 22, 1);
INSERT INTO public.django_admin_log VALUES (279, '2023-04-25 17:47:10.153803+00', '67', '67_CSD201_Prime_In_Range', 1, '[{"added": {}}]', 22, 1);
INSERT INTO public.django_admin_log VALUES (280, '2023-04-25 17:49:17.73688+00', '16', '16_SE1512-CSD201-APHL', 2, '[{"changed": {"fields": ["Students"]}}]', 18, 1);
INSERT INTO public.django_admin_log VALUES (281, '2023-04-25 17:49:53.557261+00', '20', '20_banhl.off_CSD201_Prime_In_Range', 1, '[{"added": {}}]', 23, 1);
INSERT INTO public.django_admin_log VALUES (282, '2023-04-25 17:50:35.557614+00', '21', '21_A.BAILEY_CSD201_Prime_In_Range', 1, '[{"added": {}}]', 23, 1);
INSERT INTO public.django_admin_log VALUES (283, '2023-04-25 17:51:17.166874+00', '22', '22_anhlbse05203_CSD201_Prime_In_Range', 1, '[{"added": {}}]', 23, 1);
INSERT INTO public.django_admin_log VALUES (284, '2023-04-25 18:06:43.709923+00', '22', '22_SE12121_C', 2, '[{"changed": {"fields": ["Code"]}}]', 18, 1);
INSERT INTO public.django_admin_log VALUES (285, '2023-04-25 18:07:20.431721+00', '23', '23_SE1212_C_Sharp', 2, '[{"changed": {"fields": ["Name", "Code"]}}]', 18, 1);
INSERT INTO public.django_admin_log VALUES (286, '2023-04-25 18:07:39.949897+00', '23', '23_SE1212_C_Sharp', 2, '[{"changed": {"fields": ["Langs"]}}]', 18, 1);
INSERT INTO public.django_admin_log VALUES (287, '2023-04-26 00:34:30.753611+00', '7', '7_SE1414_PY_Fibonacci', 2, '[{"changed": {"fields": ["Langs"]}}]', 22, 1);
INSERT INTO public.django_admin_log VALUES (288, '2023-04-26 00:39:31.746624+00', '7', '7_SE1411_PY_Fibonacci', 2, '[{"changed": {"fields": ["Assignment code"]}}]', 22, 1);
INSERT INTO public.django_admin_log VALUES (289, '2023-04-26 00:44:24.561247+00', '68', '68_SE1512_CSD201_LIQ', 1, '[{"added": {}}]', 22, 1);
INSERT INTO public.django_admin_log VALUES (290, '2023-04-26 00:55:02.986156+00', '68', '68_SE1512_CSD201_LIQ', 2, '[{"changed": {"fields": ["Io file"]}}]', 22, 1);
INSERT INTO public.django_admin_log VALUES (291, '2023-04-26 00:56:35.162975+00', '23', '23_anhlbse05203_SE1512_CSD201_LIQ', 1, '[{"added": {}}]', 23, 1);
INSERT INTO public.django_admin_log VALUES (292, '2023-04-27 14:08:59.556791+00', '68', '68_SE1512_CSD201_LIQ', 2, '[{"changed": {"fields": ["Langs"]}}]', 22, 1);
INSERT INTO public.django_admin_log VALUES (293, '2023-04-27 20:23:28.255239+00', '21', 'no_group_user', 2, '[{"changed": {"fields": ["Groups"]}}]', 4, 1);
INSERT INTO public.django_admin_log VALUES (294, '2023-04-28 06:34:35.113079+00', '2', 'banhl.off', 2, '[{"changed": {"fields": ["Active"]}}]', 4, 1);
INSERT INTO public.django_admin_log VALUES (295, '2023-04-28 06:36:15.251154+00', '2', 'banhl.off', 2, '[{"changed": {"fields": ["Active"]}}]', 4, 1);
INSERT INTO public.django_admin_log VALUES (296, '2023-04-28 07:00:26.214014+00', '32', '32_adminfake', 1, '[{"added": {}}]', 20, 1);
INSERT INTO public.django_admin_log VALUES (297, '2023-04-28 13:40:57.617276+00', '4', '4_SE1411_PY101', 2, '[{"changed": {"fields": ["Langs"]}}]', 18, 1);
INSERT INTO public.django_admin_log VALUES (298, '2023-04-28 13:44:16.906403+00', '40', 'teacher_acc', 1, '[{"added": {}}]', 4, 1);
INSERT INTO public.django_admin_log VALUES (299, '2023-04-28 13:44:30.053204+00', '40', 'teacher_acc', 2, '[{"changed": {"fields": ["Groups"]}}]', 4, 1);
INSERT INTO public.django_admin_log VALUES (300, '2023-04-28 13:44:43.596674+00', '41', 'staff_acc', 1, '[{"added": {}}]', 4, 1);
INSERT INTO public.django_admin_log VALUES (301, '2023-04-28 13:44:53.577308+00', '41', 'staff_acc', 2, '[{"changed": {"fields": ["Staff status"]}}]', 4, 1);
INSERT INTO public.django_admin_log VALUES (302, '2023-04-28 13:45:45.458143+00', '41', '41_staff_acc', 1, '[{"added": {}}]', 20, 1);
INSERT INTO public.django_admin_log VALUES (303, '2023-04-28 13:45:56.558377+00', '40', '40_teacher_acc', 1, '[{"added": {}}]', 20, 1);
INSERT INTO public.django_admin_log VALUES (304, '2023-04-30 16:09:51.530833+00', '41', 'staff_acc', 2, '[{"changed": {"fields": ["Superuser status"]}}]', 4, 1);
INSERT INTO public.django_admin_log VALUES (305, '2023-04-30 16:11:11.845712+00', '41', 'staff_acc', 2, '[{"changed": {"fields": ["First name", "Email address"]}}]', 4, 1);
INSERT INTO public.django_admin_log VALUES (306, '2023-04-30 16:11:28.983441+00', '40', 'teacher_acc', 2, '[{"changed": {"fields": ["First name", "Email address"]}}]', 4, 1);
INSERT INTO public.django_admin_log VALUES (307, '2023-04-30 16:14:23.397768+00', '6', '6_CSD201', 1, '[{"added": {}}]', 21, 1);
INSERT INTO public.django_admin_log VALUES (308, '2023-04-30 16:14:45.109559+00', '16', '16_SE1512-CSD201-APHL', 2, '[{"changed": {"fields": ["Subject"]}}]', 18, 1);
INSERT INTO public.django_admin_log VALUES (309, '2023-04-30 16:15:06.72715+00', '24', '24_SE1512-CSD201-BETA', 2, '[{"changed": {"fields": ["Name", "Code", "Subject"]}}]', 18, 1);
INSERT INTO public.django_admin_log VALUES (310, '2023-05-01 03:23:32.709242+00', '68', '68_SE1512_CSD201_LIQ', 2, '[{"changed": {"fields": ["Io file"]}}]', 22, 1);
INSERT INTO public.django_admin_log VALUES (311, '2023-05-01 03:24:11.36332+00', '2', 'banhl.off', 2, '[{"changed": {"fields": ["Staff status"]}}]', 4, 1);
INSERT INTO public.django_admin_log VALUES (312, '2023-05-01 03:45:14.156941+00', '68', '68_SE1512_CSD201_LIQ', 2, '[{"changed": {"fields": ["Io file"]}}]', 22, 1);
INSERT INTO public.django_admin_log VALUES (313, '2023-05-01 04:14:53.673433+00', '68', '68_SE1512_CSD201_LIQ', 2, '[{"changed": {"fields": ["Io file"]}}]', 22, 1);
INSERT INTO public.django_admin_log VALUES (314, '2023-05-01 20:18:44.01601+00', '73', '73_SE1512_CSD_LongestPath', 1, '[{"added": {}}]', 22, 1);
INSERT INTO public.django_admin_log VALUES (315, '2023-05-01 20:20:11.732246+00', '26', '26_anhlbse05203_SE1512_CSD_LongestPath', 1, '[{"added": {}}]', 23, 1);
INSERT INTO public.django_admin_log VALUES (316, '2023-05-01 20:25:16.193504+00', '26', '26_anhlbse05203_SE1512_CSD_LongestPath', 2, '[{"changed": {"fields": ["Content"]}}]', 23, 1);
INSERT INTO public.django_admin_log VALUES (317, '2023-05-01 20:26:51.959136+00', '26', '26_anhlbse05203_SE1512_CSD_LongestPath', 2, '[{"changed": {"fields": ["Content"]}}]', 23, 1);
INSERT INTO public.django_admin_log VALUES (318, '2023-05-01 20:27:33.425661+00', '73', '73_SE1512_CSD_LongestPath', 2, '[{"changed": {"fields": ["Io file"]}}]', 22, 1);


--
-- TOC entry 4351 (class 0 OID 16489)
-- Dependencies: 212
-- Data for Name: django_content_type; Type: TABLE DATA; Schema: public; Owner: postgres
--

INSERT INTO public.django_content_type VALUES (1, 'admin', 'logentry');
INSERT INTO public.django_content_type VALUES (2, 'auth', 'permission');
INSERT INTO public.django_content_type VALUES (3, 'auth', 'group');
INSERT INTO public.django_content_type VALUES (4, 'auth', 'user');
INSERT INTO public.django_content_type VALUES (5, 'contenttypes', 'contenttype');
INSERT INTO public.django_content_type VALUES (6, 'sessions', 'session');
INSERT INTO public.django_content_type VALUES (7, 'knox', 'authtoken');
INSERT INTO public.django_content_type VALUES (8, 'oauth2_provider', 'application');
INSERT INTO public.django_content_type VALUES (9, 'oauth2_provider', 'accesstoken');
INSERT INTO public.django_content_type VALUES (10, 'oauth2_provider', 'grant');
INSERT INTO public.django_content_type VALUES (11, 'oauth2_provider', 'refreshtoken');
INSERT INTO public.django_content_type VALUES (12, 'oauth2_provider', 'idtoken');
INSERT INTO public.django_content_type VALUES (13, 'social_django', 'association');
INSERT INTO public.django_content_type VALUES (14, 'social_django', 'code');
INSERT INTO public.django_content_type VALUES (15, 'social_django', 'nonce');
INSERT INTO public.django_content_type VALUES (16, 'social_django', 'usersocialauth');
INSERT INTO public.django_content_type VALUES (17, 'social_django', 'partial');
INSERT INTO public.django_content_type VALUES (18, 'accounts', 'class');
INSERT INTO public.django_content_type VALUES (19, 'accounts', 'semester');
INSERT INTO public.django_content_type VALUES (20, 'accounts', 'userprofile');
INSERT INTO public.django_content_type VALUES (21, 'accounts', 'subject');
INSERT INTO public.django_content_type VALUES (22, 'assignments', 'assignment');
INSERT INTO public.django_content_type VALUES (23, 'assignments', 'submission');
INSERT INTO public.django_content_type VALUES (24, 'utils', 'fileupload');
INSERT INTO public.django_content_type VALUES (25, 'assignments', 'lang');


--
-- TOC entry 4349 (class 0 OID 16480)
-- Dependencies: 210
-- Data for Name: django_migrations; Type: TABLE DATA; Schema: public; Owner: postgres
--

INSERT INTO public.django_migrations VALUES (1, 'contenttypes', '0001_initial', '2023-04-11 19:10:52.138963+00');
INSERT INTO public.django_migrations VALUES (2, 'auth', '0001_initial', '2023-04-11 19:10:54.167335+00');
INSERT INTO public.django_migrations VALUES (3, 'contenttypes', '0002_remove_content_type_name', '2023-04-11 19:10:54.495402+00');
INSERT INTO public.django_migrations VALUES (4, 'auth', '0002_alter_permission_name_max_length', '2023-04-11 19:10:54.809074+00');
INSERT INTO public.django_migrations VALUES (5, 'auth', '0003_alter_user_email_max_length', '2023-04-11 19:10:55.137107+00');
INSERT INTO public.django_migrations VALUES (6, 'auth', '0004_alter_user_username_opts', '2023-04-11 19:10:55.387107+00');
INSERT INTO public.django_migrations VALUES (7, 'auth', '0005_alter_user_last_login_null', '2023-04-11 19:10:55.746433+00');
INSERT INTO public.django_migrations VALUES (8, 'auth', '0006_require_contenttypes_0002', '2023-04-11 19:10:55.998603+00');
INSERT INTO public.django_migrations VALUES (9, 'auth', '0007_alter_validators_add_error_messages', '2023-04-11 19:10:56.264304+00');
INSERT INTO public.django_migrations VALUES (10, 'auth', '0008_alter_user_username_max_length', '2023-04-11 19:10:56.594514+00');
INSERT INTO public.django_migrations VALUES (11, 'auth', '0009_alter_user_last_name_max_length', '2023-04-11 19:10:56.922638+00');
INSERT INTO public.django_migrations VALUES (12, 'auth', '0010_alter_group_name_max_length', '2023-04-11 19:10:57.242703+00');
INSERT INTO public.django_migrations VALUES (13, 'auth', '0011_update_proxy_permissions', '2023-04-11 19:10:57.492689+00');
INSERT INTO public.django_migrations VALUES (14, 'auth', '0012_alter_user_first_name_max_length', '2023-04-11 19:10:57.820883+00');
INSERT INTO public.django_migrations VALUES (15, 'accounts', '0001_initial', '2023-04-11 19:11:03.292178+00');
INSERT INTO public.django_migrations VALUES (16, 'accounts', '0002_alter_class_students', '2023-04-11 19:11:03.498601+00');
INSERT INTO public.django_migrations VALUES (17, 'accounts', '0003_alter_class_students', '2023-04-11 19:11:03.826809+00');
INSERT INTO public.django_migrations VALUES (18, 'admin', '0001_initial', '2023-04-11 19:11:04.479932+00');
INSERT INTO public.django_migrations VALUES (19, 'admin', '0002_logentry_remove_auto_add', '2023-04-11 19:11:04.714317+00');
INSERT INTO public.django_migrations VALUES (20, 'admin', '0003_logentry_add_action_flag_choices', '2023-04-11 19:11:04.991233+00');
INSERT INTO public.django_migrations VALUES (21, 'assignments', '0001_initial', '2023-04-11 19:11:06.267531+00');
INSERT INTO public.django_migrations VALUES (22, 'assignments', '0002_remove_assignment_classes_assignment_classes', '2023-04-11 19:11:06.830066+00');
INSERT INTO public.django_migrations VALUES (23, 'assignments', '0003_remove_assignment_classes_assignment_in_class', '2023-04-11 19:11:07.493279+00');
INSERT INTO public.django_migrations VALUES (24, 'assignments', '0004_alter_submission_status', '2023-04-11 19:11:07.690767+00');
INSERT INTO public.django_migrations VALUES (25, 'knox', '0001_initial', '2023-04-11 19:11:08.284518+00');
INSERT INTO public.django_migrations VALUES (26, 'knox', '0002_auto_20150916_1425', '2023-04-11 19:11:08.968957+00');
INSERT INTO public.django_migrations VALUES (27, 'knox', '0003_auto_20150916_1526', '2023-04-11 19:11:09.234667+00');
INSERT INTO public.django_migrations VALUES (28, 'knox', '0004_authtoken_expires', '2023-04-11 19:11:09.562714+00');
INSERT INTO public.django_migrations VALUES (29, 'knox', '0005_authtoken_token_key', '2023-04-11 19:11:10.096609+00');
INSERT INTO public.django_migrations VALUES (30, 'knox', '0006_auto_20160818_0932', '2023-04-11 19:11:10.643565+00');
INSERT INTO public.django_migrations VALUES (31, 'knox', '0007_auto_20190111_0542', '2023-04-11 19:11:10.971692+00');
INSERT INTO public.django_migrations VALUES (32, 'knox', '0008_remove_authtoken_salt', '2023-04-11 19:11:11.316599+00');
INSERT INTO public.django_migrations VALUES (33, 'oauth2_provider', '0001_initial', '2023-04-11 19:11:13.592492+00');
INSERT INTO public.django_migrations VALUES (34, 'oauth2_provider', '0002_auto_20190406_1805', '2023-04-11 19:11:14.088667+00');
INSERT INTO public.django_migrations VALUES (35, 'oauth2_provider', '0003_auto_20201211_1314', '2023-04-11 19:11:14.448042+00');
INSERT INTO public.django_migrations VALUES (36, 'oauth2_provider', '0004_auto_20200902_2022', '2023-04-11 19:11:15.733883+00');
INSERT INTO public.django_migrations VALUES (37, 'oauth2_provider', '0005_auto_20211222_2352', '2023-04-11 19:11:16.124421+00');
INSERT INTO public.django_migrations VALUES (38, 'oauth2_provider', '0006_alter_application_client_secret', '2023-04-11 19:11:16.510603+00');
INSERT INTO public.django_migrations VALUES (39, 'sessions', '0001_initial', '2023-04-11 19:11:17.010644+00');
INSERT INTO public.django_migrations VALUES (40, 'default', '0001_initial', '2023-04-11 19:11:18.064174+00');
INSERT INTO public.django_migrations VALUES (41, 'social_auth', '0001_initial', '2023-04-11 19:11:18.173635+00');
INSERT INTO public.django_migrations VALUES (42, 'default', '0002_add_related_name', '2023-04-11 19:11:18.392386+00');
INSERT INTO public.django_migrations VALUES (43, 'social_auth', '0002_add_related_name', '2023-04-11 19:11:18.517384+00');
INSERT INTO public.django_migrations VALUES (44, 'default', '0003_alter_email_max_length', '2023-04-11 19:11:18.847621+00');
INSERT INTO public.django_migrations VALUES (45, 'social_auth', '0003_alter_email_max_length', '2023-04-11 19:11:18.956997+00');
INSERT INTO public.django_migrations VALUES (46, 'default', '0004_auto_20160423_0400', '2023-04-11 19:11:19.238331+00');
INSERT INTO public.django_migrations VALUES (47, 'social_auth', '0004_auto_20160423_0400', '2023-04-11 19:11:19.36325+00');
INSERT INTO public.django_migrations VALUES (48, 'social_auth', '0005_auto_20160727_2333', '2023-04-11 19:11:19.67583+00');
INSERT INTO public.django_migrations VALUES (49, 'social_django', '0006_partial', '2023-04-11 19:11:20.202592+00');
INSERT INTO public.django_migrations VALUES (50, 'social_django', '0007_code_timestamp', '2023-04-11 19:11:20.655776+00');
INSERT INTO public.django_migrations VALUES (51, 'social_django', '0008_partial_timestamp', '2023-04-11 19:11:21.108902+00');
INSERT INTO public.django_migrations VALUES (52, 'social_django', '0009_auto_20191118_0520', '2023-04-11 19:11:21.626942+00');
INSERT INTO public.django_migrations VALUES (53, 'social_django', '0010_uid_db_index', '2023-04-11 19:11:22.064697+00');
INSERT INTO public.django_migrations VALUES (54, 'social_django', '0011_alter_id_fields', '2023-04-11 19:11:24.315538+00');
INSERT INTO public.django_migrations VALUES (55, 'utils', '0001_initial', '2023-04-11 19:11:24.66359+00');
INSERT INTO public.django_migrations VALUES (56, 'social_django', '0002_add_related_name', '2023-04-11 19:11:24.980378+00');
INSERT INTO public.django_migrations VALUES (57, 'social_django', '0004_auto_20160423_0400', '2023-04-11 19:11:25.105467+00');
INSERT INTO public.django_migrations VALUES (58, 'social_django', '0003_alter_email_max_length', '2023-04-11 19:11:25.230386+00');
INSERT INTO public.django_migrations VALUES (59, 'social_django', '0005_auto_20160727_2333', '2023-04-11 19:11:25.357528+00');
INSERT INTO public.django_migrations VALUES (60, 'social_django', '0001_initial', '2023-04-11 19:11:25.483433+00');
INSERT INTO public.django_migrations VALUES (61, 'assignments', '0005_alter_assignment_io_file', '2023-04-12 16:58:28.878405+00');
INSERT INTO public.django_migrations VALUES (62, 'assignments', '0006_submission_submission_score_range', '2023-04-15 16:15:54.19719+00');
INSERT INTO public.django_migrations VALUES (63, 'assignments', '0007_lang_assignment_langs', '2023-04-18 10:36:29.279705+00');
INSERT INTO public.django_migrations VALUES (64, 'assignments', '0008_alter_submission_status', '2023-04-18 12:30:06.477749+00');
INSERT INTO public.django_migrations VALUES (65, 'assignments', '0009_lang_display_alter_lang_name', '2023-04-18 21:10:11.952768+00');
INSERT INTO public.django_migrations VALUES (66, 'assignments', '0010_alter_lang_display', '2023-04-19 16:13:31.130562+00');
INSERT INTO public.django_migrations VALUES (67, 'accounts', '0004_class_langs', '2023-04-19 16:13:32.39556+00');
INSERT INTO public.django_migrations VALUES (68, 'assignments', '0011_alter_assignment_assignment_code_and_more', '2023-04-20 08:45:09.916352+00');
INSERT INTO public.django_migrations VALUES (69, 'accounts', '0005_class_is_deleted', '2023-04-25 15:31:37.726693+00');
INSERT INTO public.django_migrations VALUES (70, 'accounts', '0006_semester_is_deleted_subject_is_deleted', '2023-04-25 15:31:38.484693+00');
INSERT INTO public.django_migrations VALUES (71, 'assignments', '0012_assignment_is_deleted_lang_is_deleted_and_more', '2023-04-25 15:31:39.367693+00');


--
-- TOC entry 4394 (class 0 OID 16988)
-- Dependencies: 255
-- Data for Name: django_session; Type: TABLE DATA; Schema: public; Owner: postgres
--

INSERT INTO public.django_session VALUES ('7di6hzocc7ebduloluvlj34kynay0gmt', '.eJxVjEEOwiAQRe_C2hCwFGZcuu8ZyACDVA0kpV0Z765NutDtf-_9l_C0rcVvnRc_J3ERWpx-t0DxwXUH6U711mRsdV3mIHdFHrTLqSV-Xg_376BQL98a4RyZAHJClZWOccAMDoxGy4OGjME6w6SSs6PNCtlZQEU5UBiNTSTeH-F5N_0:1pmJQE:UhqvYifV6fReCu2_FamTy8upVcGygmCv0PxEMCJCw_E', '2023-04-25 19:12:54.555654+00');
INSERT INTO public.django_session VALUES ('pptbw676i32voq1sk1ihkseqh93hnpvl', '.eJxVjEEOwiAQRe_C2hCwFGZcuu8ZyACDVA0kpV0Z765NutDtf-_9l_C0rcVvnRc_J3ERWpx-t0DxwXUH6U711mRsdV3mIHdFHrTLqSV-Xg_376BQL98a4RyZAHJClZWOccAMDoxGy4OGjME6w6SSs6PNCtlZQEU5UBiNTSTeH-F5N_0:1pnABm:EhlWylFl8yhxwn60v4FOHY-3OEO_A_Tr6pFGo8gyl7I', '2023-04-28 03:33:30.693557+00');
INSERT INTO public.django_session VALUES ('z2ntd488pwrjerr8bj6nn9t6cpdmo3qk', '.eJxVjEEOwiAQRe_C2hCwFGZcuu8ZyACDVA0kpV0Z765NutDtf-_9l_C0rcVvnRc_J3ERWpx-t0DxwXUH6U711mRsdV3mIHdFHrTLqSV-Xg_376BQL98a4RyZAHJClZWOccAMDoxGy4OGjME6w6SSs6PNCtlZQEU5UBiNTSTeH-F5N_0:1pob9d:nWlFcXMvtcTq4UT3F5qlnu1JkyS0vuD5dyJe_RolBtg', '2023-05-02 02:33:13.720964+00');
INSERT INTO public.django_session VALUES ('u7yuugct9qeddshpeqa52myg7rs1ijcu', '.eJxVjEEOwiAQRe_C2hCwFGZcuu8ZyACDVA0kpV0Z765NutDtf-_9l_C0rcVvnRc_J3ERWpx-t0DxwXUH6U711mRsdV3mIHdFHrTLqSV-Xg_376BQL98a4RyZAHJClZWOccAMDoxGy4OGjME6w6SSs6PNCtlZQEU5UBiNTSTeH-F5N_0:1pobTi:UgsYAVwJXOmItf25mc5C-mfAHk3iPqRwjNv2AH0OsqU', '2023-05-02 02:53:58.262239+00');
INSERT INTO public.django_session VALUES ('xxbn20l1yv30iweoc70zm7gqkersw3qs', '.eJxVjEEOwiAQRe_C2hCwFGZcuu8ZyACDVA0kpV0Z765NutDtf-_9l_C0rcVvnRc_J3ERWpx-t0DxwXUH6U711mRsdV3mIHdFHrTLqSV-Xg_376BQL98a4RyZAHJClZWOccAMDoxGy4OGjME6w6SSs6PNCtlZQEU5UBiNTSTeH-F5N_0:1pofpg:6EnvEg15GnYIYC7260BwAiiA3C1NaxXR3WiCZbeotlo', '2023-05-02 07:32:56.469801+00');
INSERT INTO public.django_session VALUES ('wrlywqstgti609uwcphd6mzwsgjbuc8q', '.eJxVjEEOwiAQRe_C2hCwFGZcuu8ZyACDVA0kpV0Z765NutDtf-_9l_C0rcVvnRc_J3ERWpx-t0DxwXUH6U711mRsdV3mIHdFHrTLqSV-Xg_376BQL98a4RyZAHJClZWOccAMDoxGy4OGjME6w6SSs6PNCtlZQEU5UBiNTSTeH-F5N_0:1pozhA:Q0bNcBOth7aNKQNGq_YKo1cmDX1YZ8P0YU-rR0HbMrI', '2023-05-03 04:45:28.823062+00');
INSERT INTO public.django_session VALUES ('vaxkyc16ddxlq3xgbkbhumydnqq7opgw', '.eJxVjEEOwiAQRe_C2hCwFGZcuu8ZyACDVA0kpV0Z765NutDtf-_9l_C0rcVvnRc_J3ERWpx-t0DxwXUH6U711mRsdV3mIHdFHrTLqSV-Xg_376BQL98a4RyZAHJClZWOccAMDoxGy4OGjME6w6SSs6PNCtlZQEU5UBiNTSTeH-F5N_0:1ppgbL:RkptI8lwmNaPh9NN6JXvN93t0F_r9PXJw6vEsN3Eibc', '2023-05-05 02:34:19.05178+00');
INSERT INTO public.django_session VALUES ('27zzc4zql0mn78uanpfr1qf9ltephh3s', '.eJxVjEEOwiAQRe_C2hCwFGZcuu8ZyACDVA0kpV0Z765NutDtf-_9l_C0rcVvnRc_J3ERWpx-t0DxwXUH6U711mRsdV3mIHdFHrTLqSV-Xg_376BQL98a4RyZAHJClZWOccAMDoxGy4OGjME6w6SSs6PNCtlZQEU5UBiNTSTeH-F5N_0:1ppikn:1WEMpDD2RXbw09kjwFOFnhG_Fs_Fd6NSi0vRCLlYInE', '2023-05-05 04:52:13.298704+00');
INSERT INTO public.django_session VALUES ('gl30vxxbpxviofk5mqbpl3kpd1vmwuh3', '.eJxVjEEOwiAQRe_C2hCwFGZcuu8ZyACDVA0kpV0Z765NutDtf-_9l_C0rcVvnRc_J3ERWpx-t0DxwXUH6U711mRsdV3mIHdFHrTLqSV-Xg_376BQL98a4RyZAHJClZWOccAMDoxGy4OGjME6w6SSs6PNCtlZQEU5UBiNTSTeH-F5N_0:1ppiko:FUoT3Z_SlNWRpH6E66v1ZmqQTwtPHUnxegPgtResL2w', '2023-05-05 04:52:14.299272+00');
INSERT INTO public.django_session VALUES ('i9ddgajpg1xnp4uvk1dnh2vjpzd85d8y', '.eJxVjDkOwjAUBe_iGllJbH87lPScwfqbSQDFUpYKcXeIlALaNzPvZTJu65C3Rec8ijkb35rT70jID512InecbtVyndZ5JLsr9qCLvVbR5-Vw_w4GXIZvzQTQQ6KOHTmKxXfSBwRstBXwnBIBlxAaEMWmJOfRU6IIgsgxaTTvDxsBONA:1ptktX:2zSGVSW2WDHXLmFRV_J_AwwHBng6WCHBr1LTUSutqDo', '2023-05-16 07:57:55.128532+00');


--
-- TOC entry 4383 (class 0 OID 16829)
-- Dependencies: 244
-- Data for Name: knox_authtoken; Type: TABLE DATA; Schema: public; Owner: postgres
--

INSERT INTO public.knox_authtoken VALUES ('64fd24951f0701ddc344143cda7c174f960efc1ee97bb1deb01559436899800e68c2819df068fc8183cf69a6cb29ab07812c172c0ba9ace10d4809e127faad04', '2023-04-25 14:30:27.361831+00', 1, '2023-04-25 17:30:27.361402+00', '5d5aa348');
INSERT INTO public.knox_authtoken VALUES ('1a4b758bc9e07d9b6ef7340933799fbfe7f062eace5dcee6595e1e4f3c78fc20633f19772fec388e24a2f2639e97f2028cb76c789f4f7607f106788fbf830626', '2023-04-25 14:33:47.630062+00', 1, '2023-04-25 17:33:47.629424+00', '645a8cde');
INSERT INTO public.knox_authtoken VALUES ('3e54c34e7755de30fb099c8856aa7da32db7a54ccb0218f33197a9a0689d6895b2db8ae046915de240038511fdb95db12f45ead8a6890ec5656b57ed1a712145', '2023-04-25 15:16:06.979004+00', 1, '2023-04-25 18:16:06.978746+00', 'f33adf88');
INSERT INTO public.knox_authtoken VALUES ('b8456ae827353f7ab875d5962762a4539acfb5120182b21ba0daf204ffac3d18255f847a5bc875ee26e30e0e4e1d91ea25a526b946a4ba60018c84fbfb6aecef', '2023-04-27 13:59:06.383874+00', 10, '2023-04-27 16:59:06.383619+00', '09b6cc0e');
INSERT INTO public.knox_authtoken VALUES ('838411e483019e57d22ef06c4fbf95c552570ab2f89440b73b7419ab5abf561a4813d0c148043980f43262c5192ae413618547b2139b61bfd58f34eef38fe0c0', '2023-04-27 15:46:43.165272+00', 10, '2023-04-27 18:46:43.164641+00', '7c909d0a');
INSERT INTO public.knox_authtoken VALUES ('e2b3da1288e2e64afa84add3cd7a09e1ee922ad3e36af59cd476b2d235b827d17d6f5142b1f9607287b8a930d73ae96734699ddacbaae7f16da55c15f1f8b263', '2023-04-28 09:52:38.439196+00', 11, '2023-04-28 12:52:38.438836+00', 'c93d5d95');
INSERT INTO public.knox_authtoken VALUES ('ad68a33d6cfc73f5ac3d092b1801a82bdbf09f46733980ba73440a5d6e767a23276e4d852fe6e232e44c726a304aa9ecc17ce325f3191fb7ec9edc1c26edcc8c', '2023-04-28 09:54:53.457887+00', 32, '2023-04-28 12:54:53.457507+00', 'd52a1157');
INSERT INTO public.knox_authtoken VALUES ('c9301ad310482aad3854a74928243a85957395da7f0cdba4fcb169d10cf9b02567334fdbe5e089e5065840223da669e15968692741d865e9ecea45c60fdce707', '2023-04-28 10:14:30.733857+00', 11, '2023-04-28 13:14:30.733573+00', 'a12cea85');


--
-- TOC entry 4387 (class 0 OID 16862)
-- Dependencies: 248
-- Data for Name: oauth2_provider_accesstoken; Type: TABLE DATA; Schema: public; Owner: postgres
--

INSERT INTO public.oauth2_provider_accesstoken VALUES (1, 'YAXRTne7Ev6moGkGvTReledhAG2Kyx', '2024-10-09 20:22:50+00', 'read write', 1, 2, '2023-04-12 10:22:50.086538+00', '2023-04-12 10:28:25.713793+00', NULL, NULL);
INSERT INTO public.oauth2_provider_accesstoken VALUES (2, 'O0iRuyyeO4D0n9Vi7Off3H8oLAA7MG', '2023-04-19 19:20:23.719702+00', 'read write', 1, 18, '2023-04-19 09:20:23.720141+00', '2023-04-19 09:20:23.720147+00', NULL, NULL);
INSERT INTO public.oauth2_provider_accesstoken VALUES (4, 'nwb32e8VhBk1micZpWfBPzh7viv0uq', '2023-04-25 14:52:34.902825+00', 'read write', 1, 18, '2023-04-25 11:52:34.903308+00', '2023-04-25 11:52:34.903314+00', NULL, NULL);
INSERT INTO public.oauth2_provider_accesstoken VALUES (5, 'lZ64Nl9p8pgqjjrirb6SjzbjN8EgY5', '2023-04-25 14:55:02.507081+00', 'read write', 1, 10, '2023-04-25 11:55:02.507445+00', '2023-04-25 11:55:02.50745+00', NULL, NULL);
INSERT INTO public.oauth2_provider_accesstoken VALUES (6, 'T0fJrJZbMDcTxcNVfngzm57Kn9ZIhO', '2023-04-25 14:55:49.390198+00', 'read write', 1, 38, '2023-04-25 11:55:49.390645+00', '2023-04-25 11:55:49.390651+00', NULL, NULL);
INSERT INTO public.oauth2_provider_accesstoken VALUES (7, 'tCBsGndZ2fHqbREem75LbbtpbqF9o9', '2023-04-25 17:33:59.982084+00', 'read write', 1, 39, '2023-04-25 14:33:59.982561+00', '2023-04-25 14:33:59.982567+00', NULL, NULL);


--
-- TOC entry 4385 (class 0 OID 16851)
-- Dependencies: 246
-- Data for Name: oauth2_provider_application; Type: TABLE DATA; Schema: public; Owner: postgres
--

INSERT INTO public.oauth2_provider_application VALUES (1, 'mLKPD2CDN1VzIoufh1xH45jPtzmHBoBKXawZ9yDw', '', 'confidential', 'password', 'pbkdf2_sha256$320000$dAaS6LoR2sBKAmL2Sg9lLI$be6Nq94xY1C3jGZGMvhX9ELjwwpI/Vh+BLQcFw0yvGI=', '', NULL, false, '2023-04-12 10:22:39.281536+00', '2023-04-12 10:22:39.281536+00', '');


--
-- TOC entry 4389 (class 0 OID 16873)
-- Dependencies: 250
-- Data for Name: oauth2_provider_grant; Type: TABLE DATA; Schema: public; Owner: postgres
--



--
-- TOC entry 4393 (class 0 OID 16957)
-- Dependencies: 254
-- Data for Name: oauth2_provider_idtoken; Type: TABLE DATA; Schema: public; Owner: postgres
--



--
-- TOC entry 4391 (class 0 OID 16884)
-- Dependencies: 252
-- Data for Name: oauth2_provider_refreshtoken; Type: TABLE DATA; Schema: public; Owner: postgres
--

INSERT INTO public.oauth2_provider_refreshtoken VALUES (1, 'f4r5NFbgPOpzKByInPHDabTXACLNyu', 1, 1, 2, '2023-04-12 10:22:50.205518+00', '2023-04-12 10:22:50.205518+00', NULL);
INSERT INTO public.oauth2_provider_refreshtoken VALUES (2, 'IzCUxgajBWzm9R21JbhLbtnRkLhxRz', 2, 1, 18, '2023-04-19 09:20:23.750441+00', '2023-04-19 09:20:23.750458+00', NULL);
INSERT INTO public.oauth2_provider_refreshtoken VALUES (4, 'twPCNMO4fSmW9XvtAEvuSJBr0WwpNK', 4, 1, 18, '2023-04-25 11:52:34.936006+00', '2023-04-25 11:52:34.93602+00', NULL);
INSERT INTO public.oauth2_provider_refreshtoken VALUES (5, 'bSaaefFTLnUnuPCI93hmZtkR0Sj7Eg', 5, 1, 10, '2023-04-25 11:55:02.540213+00', '2023-04-25 11:55:02.540226+00', NULL);
INSERT INTO public.oauth2_provider_refreshtoken VALUES (6, 'am80DXQpykUTvSjYbZfq40jWnCFIM9', 6, 1, 38, '2023-04-25 11:55:49.420868+00', '2023-04-25 11:55:49.420882+00', NULL);
INSERT INTO public.oauth2_provider_refreshtoken VALUES (7, 'zKexdjb2EXtiLYWuKRUxzxhXIUdxrE', 7, 1, 39, '2023-04-25 14:34:00.012949+00', '2023-04-25 14:34:00.012963+00', NULL);


--
-- TOC entry 4395 (class 0 OID 16998)
-- Dependencies: 256
-- Data for Name: social_auth_association; Type: TABLE DATA; Schema: public; Owner: postgres
--



--
-- TOC entry 4396 (class 0 OID 17007)
-- Dependencies: 257
-- Data for Name: social_auth_code; Type: TABLE DATA; Schema: public; Owner: postgres
--



--
-- TOC entry 4397 (class 0 OID 17014)
-- Dependencies: 258
-- Data for Name: social_auth_nonce; Type: TABLE DATA; Schema: public; Owner: postgres
--



--
-- TOC entry 4399 (class 0 OID 17048)
-- Dependencies: 260
-- Data for Name: social_auth_partial; Type: TABLE DATA; Schema: public; Owner: postgres
--



--
-- TOC entry 4398 (class 0 OID 17021)
-- Dependencies: 259
-- Data for Name: social_auth_usersocialauth; Type: TABLE DATA; Schema: public; Owner: postgres
--

INSERT INTO public.social_auth_usersocialauth VALUES (4, 'google-oauth2', 'hungln2.work@gmail.com', '{"auth_time": 1682433069, "expires": null, "access_token": "ya29.a0Ael9sCMADOHbb5neYI1iiHMjlYPKiWIQp9KxPZhadSeecr_b8FqG4QUhh8_mikhyxpkkkKwgQufnJwvSo00aYmnuRbvanxZ8yA0vhDv4E4EA9pGcN1ZjGtASzLONipQlaXJhaSu2Slqj4UxueI15VonCPtlukwaCgYKARsSARISFQF4udJhaMYT3-LkgSzI-aotFcacdA0165", "token_type": null}', 10, '2023-04-25 11:55:01.036821+00', '2023-04-25 14:31:09.596605+00');
INSERT INTO public.social_auth_usersocialauth VALUES (1, 'google-oauth2', 'banhl.off@gmail.com', '{"auth_time": 1681294969, "expires": null, "access_token": "ya29.a0Ael9sCM_ejh-Yb3JmE-4HZM86sRJDGLOXRA4o44Y_UbEyyAqwzLOhmQ8UZuWZkYoueTUk4pDNCyJpQm_OsuVl9IKWkmoCZ7T6KKlSFju7aMtsZXLqvu__rVaKI0Qn9PfDoG62yU2f42za41NMssfcp7X_P-yaCgYKAfQSARESFQF4udJhC8cF5wDwdqCAO2OabXNuRg0163", "token_type": null}', 2, '2023-04-12 10:22:48.198783+00', '2023-04-12 10:22:49.775878+00');
INSERT INTO public.social_auth_usersocialauth VALUES (6, 'google-oauth2', 'anhlbse05203@fpt.edu.vn', '{"auth_time": 1682434250, "expires": null, "access_token": "ya29.a0Ael9sCMiWNnmT64LBnU8URlsbU5QG6nO0GZeYfqsCyBaG6CwSSrm9Yro4rBvO4rYQpTCY996MFNVsesL0smyHjjAXi9GqbHUPPLptuur4f0nvbJ1oopoYluhVdAMQSmgcMZ2F-yUwWFjbVDu8EyU_5marZ4TdAaCgYKAdMSARMSFQF4udJh5JJGHQHm2rr6cRefBvGAew0165", "token_type": null}', 39, '2023-04-25 14:33:59.190454+00', '2023-04-25 14:50:50.515906+00');
INSERT INTO public.social_auth_usersocialauth VALUES (5, 'google-oauth2', 'hungcoder2k01@gmail.com', '{"auth_time": 1682424142, "expires": null, "access_token": "ya29.a0Ael9sCNlsxumtqisydyroGKYRhmLF6hqC2DVKKbP3MX_fEdMxG8eXc3lsfW_YDpie47akXUJU0ivFJBFDY0atVPBWMbcI4pbwEnl8DEQD-sId5kt7KHd-8jdCp_RmONZ8itkIretEG_ExBoC1VuN41DORg1SaCgYKAd8SARMSFQF4udJhxbYKS1r-t4yM_IjqXlcakA0163", "token_type": null}', 38, '2023-04-25 11:55:47.817305+00', '2023-04-25 12:02:22.80169+00');
INSERT INTO public.social_auth_usersocialauth VALUES (2, 'google-oauth2', 'hunglnhe141720@fpt.edu.vn', '{"auth_time": 1682423660, "expires": null, "access_token": "ya29.a0Ael9sCMd1LcFjdvh70LeMbwGKeqmrmBwXtT6-1XozV7WH1EDqo1QLi1bIBK45I86kMY-kpgOFa726Mg-aD7sJNcLUNsc6Kz-Y--h_GE5M_zvu5UKM_eNZL3jxOflpo_R8LoKoweniXSXTCMwMh52xpJZYwsyMgaCgYKAZ8SARMSFQF4udJhtNUKMuwVQZv1VpKpUGhScg0165", "token_type": null}', 18, '2023-04-19 09:20:22.376877+00', '2023-04-25 11:54:20.510442+00');


--
-- TOC entry 4406 (class 0 OID 17133)
-- Dependencies: 267
-- Data for Name: utils_fileupload; Type: TABLE DATA; Schema: public; Owner: postgres
--



--
-- TOC entry 4459 (class 0 OID 0)
-- Dependencies: 225
-- Name: accounts_class_id_seq; Type: SEQUENCE SET; Schema: public; Owner: postgres
--

SELECT pg_catalog.setval('public.accounts_class_id_seq', 24, true);


--
-- TOC entry 4460 (class 0 OID 0)
-- Dependencies: 272
-- Name: accounts_class_langs_id_seq; Type: SEQUENCE SET; Schema: public; Owner: postgres
--

SELECT pg_catalog.setval('public.accounts_class_langs_id_seq', 9, true);


--
-- TOC entry 4461 (class 0 OID 0)
-- Dependencies: 236
-- Name: accounts_class_students_id_seq; Type: SEQUENCE SET; Schema: public; Owner: postgres
--

SELECT pg_catalog.setval('public.accounts_class_students_id_seq', 81, true);


--
-- TOC entry 4462 (class 0 OID 0)
-- Dependencies: 227
-- Name: accounts_semester_id_seq; Type: SEQUENCE SET; Schema: public; Owner: postgres
--

SELECT pg_catalog.setval('public.accounts_semester_id_seq', 5, true);


--
-- TOC entry 4463 (class 0 OID 0)
-- Dependencies: 230
-- Name: accounts_subject_id_seq; Type: SEQUENCE SET; Schema: public; Owner: postgres
--

SELECT pg_catalog.setval('public.accounts_subject_id_seq', 6, true);


--
-- TOC entry 4464 (class 0 OID 0)
-- Dependencies: 232
-- Name: accounts_subject_students_id_seq; Type: SEQUENCE SET; Schema: public; Owner: postgres
--

SELECT pg_catalog.setval('public.accounts_subject_students_id_seq', 20, true);


--
-- TOC entry 4465 (class 0 OID 0)
-- Dependencies: 234
-- Name: accounts_subject_teachers_id_seq; Type: SEQUENCE SET; Schema: public; Owner: postgres
--

SELECT pg_catalog.setval('public.accounts_subject_teachers_id_seq', 14, true);


--
-- TOC entry 4466 (class 0 OID 0)
-- Dependencies: 240
-- Name: assignments_assignment_id_seq; Type: SEQUENCE SET; Schema: public; Owner: postgres
--

SELECT pg_catalog.setval('public.assignments_assignment_id_seq', 73, true);


--
-- TOC entry 4467 (class 0 OID 0)
-- Dependencies: 270
-- Name: assignments_assignment_langs_id_seq; Type: SEQUENCE SET; Schema: public; Owner: postgres
--

SELECT pg_catalog.setval('public.assignments_assignment_langs_id_seq', 102, true);


--
-- TOC entry 4468 (class 0 OID 0)
-- Dependencies: 268
-- Name: assignments_lang_id_seq; Type: SEQUENCE SET; Schema: public; Owner: postgres
--

SELECT pg_catalog.setval('public.assignments_lang_id_seq', 12, true);


--
-- TOC entry 4469 (class 0 OID 0)
-- Dependencies: 242
-- Name: assignments_submission_id_seq; Type: SEQUENCE SET; Schema: public; Owner: postgres
--

SELECT pg_catalog.setval('public.assignments_submission_id_seq', 27, true);


--
-- TOC entry 4470 (class 0 OID 0)
-- Dependencies: 215
-- Name: auth_group_id_seq; Type: SEQUENCE SET; Schema: public; Owner: postgres
--

SELECT pg_catalog.setval('public.auth_group_id_seq', 2, true);


--
-- TOC entry 4471 (class 0 OID 0)
-- Dependencies: 217
-- Name: auth_group_permissions_id_seq; Type: SEQUENCE SET; Schema: public; Owner: postgres
--

SELECT pg_catalog.setval('public.auth_group_permissions_id_seq', 115, true);


--
-- TOC entry 4472 (class 0 OID 0)
-- Dependencies: 213
-- Name: auth_permission_id_seq; Type: SEQUENCE SET; Schema: public; Owner: postgres
--

SELECT pg_catalog.setval('public.auth_permission_id_seq', 100, true);


--
-- TOC entry 4473 (class 0 OID 0)
-- Dependencies: 221
-- Name: auth_user_groups_id_seq; Type: SEQUENCE SET; Schema: public; Owner: postgres
--

SELECT pg_catalog.setval('public.auth_user_groups_id_seq', 42, true);


--
-- TOC entry 4474 (class 0 OID 0)
-- Dependencies: 219
-- Name: auth_user_id_seq; Type: SEQUENCE SET; Schema: public; Owner: postgres
--

SELECT pg_catalog.setval('public.auth_user_id_seq', 41, true);


--
-- TOC entry 4475 (class 0 OID 0)
-- Dependencies: 223
-- Name: auth_user_user_permissions_id_seq; Type: SEQUENCE SET; Schema: public; Owner: postgres
--

SELECT pg_catalog.setval('public.auth_user_user_permissions_id_seq', 100, true);


--
-- TOC entry 4476 (class 0 OID 0)
-- Dependencies: 238
-- Name: django_admin_log_id_seq; Type: SEQUENCE SET; Schema: public; Owner: postgres
--

SELECT pg_catalog.setval('public.django_admin_log_id_seq', 318, true);


--
-- TOC entry 4477 (class 0 OID 0)
-- Dependencies: 211
-- Name: django_content_type_id_seq; Type: SEQUENCE SET; Schema: public; Owner: postgres
--

SELECT pg_catalog.setval('public.django_content_type_id_seq', 25, true);


--
-- TOC entry 4478 (class 0 OID 0)
-- Dependencies: 209
-- Name: django_migrations_id_seq; Type: SEQUENCE SET; Schema: public; Owner: postgres
--

SELECT pg_catalog.setval('public.django_migrations_id_seq', 71, true);


--
-- TOC entry 4479 (class 0 OID 0)
-- Dependencies: 247
-- Name: oauth2_provider_accesstoken_id_seq; Type: SEQUENCE SET; Schema: public; Owner: postgres
--

SELECT pg_catalog.setval('public.oauth2_provider_accesstoken_id_seq', 7, true);


--
-- TOC entry 4480 (class 0 OID 0)
-- Dependencies: 245
-- Name: oauth2_provider_application_id_seq; Type: SEQUENCE SET; Schema: public; Owner: postgres
--

SELECT pg_catalog.setval('public.oauth2_provider_application_id_seq', 1, true);


--
-- TOC entry 4481 (class 0 OID 0)
-- Dependencies: 249
-- Name: oauth2_provider_grant_id_seq; Type: SEQUENCE SET; Schema: public; Owner: postgres
--

SELECT pg_catalog.setval('public.oauth2_provider_grant_id_seq', 1, false);


--
-- TOC entry 4482 (class 0 OID 0)
-- Dependencies: 253
-- Name: oauth2_provider_idtoken_id_seq; Type: SEQUENCE SET; Schema: public; Owner: postgres
--

SELECT pg_catalog.setval('public.oauth2_provider_idtoken_id_seq', 1, false);


--
-- TOC entry 4483 (class 0 OID 0)
-- Dependencies: 251
-- Name: oauth2_provider_refreshtoken_id_seq; Type: SEQUENCE SET; Schema: public; Owner: postgres
--

SELECT pg_catalog.setval('public.oauth2_provider_refreshtoken_id_seq', 7, true);


--
-- TOC entry 4484 (class 0 OID 0)
-- Dependencies: 261
-- Name: social_auth_association_id_seq; Type: SEQUENCE SET; Schema: public; Owner: postgres
--

SELECT pg_catalog.setval('public.social_auth_association_id_seq', 1, false);


--
-- TOC entry 4485 (class 0 OID 0)
-- Dependencies: 262
-- Name: social_auth_code_id_seq; Type: SEQUENCE SET; Schema: public; Owner: postgres
--

SELECT pg_catalog.setval('public.social_auth_code_id_seq', 1, false);


--
-- TOC entry 4486 (class 0 OID 0)
-- Dependencies: 263
-- Name: social_auth_nonce_id_seq; Type: SEQUENCE SET; Schema: public; Owner: postgres
--

SELECT pg_catalog.setval('public.social_auth_nonce_id_seq', 1, false);


--
-- TOC entry 4487 (class 0 OID 0)
-- Dependencies: 264
-- Name: social_auth_partial_id_seq; Type: SEQUENCE SET; Schema: public; Owner: postgres
--

SELECT pg_catalog.setval('public.social_auth_partial_id_seq', 1, false);


--
-- TOC entry 4488 (class 0 OID 0)
-- Dependencies: 265
-- Name: social_auth_usersocialauth_id_seq; Type: SEQUENCE SET; Schema: public; Owner: postgres
--

SELECT pg_catalog.setval('public.social_auth_usersocialauth_id_seq', 6, true);


--
-- TOC entry 4489 (class 0 OID 0)
-- Dependencies: 266
-- Name: utils_fileupload_id_seq; Type: SEQUENCE SET; Schema: public; Owner: postgres
--

SELECT pg_catalog.setval('public.utils_fileupload_id_seq', 1, false);


--
-- TOC entry 4024 (class 2606 OID 16611)
-- Name: accounts_class accounts_class_code_key; Type: CONSTRAINT; Schema: public; Owner: postgres
--

ALTER TABLE ONLY public.accounts_class
    ADD CONSTRAINT accounts_class_code_key UNIQUE (code);


--
-- TOC entry 4165 (class 2606 OID 33093)
-- Name: accounts_class_langs accounts_class_langs_class_id_lang_id_71775764_uniq; Type: CONSTRAINT; Schema: public; Owner: postgres
--

ALTER TABLE ONLY public.accounts_class_langs
    ADD CONSTRAINT accounts_class_langs_class_id_lang_id_71775764_uniq UNIQUE (class_id, lang_id);


--
-- TOC entry 4168 (class 2606 OID 33091)
-- Name: accounts_class_langs accounts_class_langs_pkey; Type: CONSTRAINT; Schema: public; Owner: postgres
--

ALTER TABLE ONLY public.accounts_class_langs
    ADD CONSTRAINT accounts_class_langs_pkey PRIMARY KEY (id);


--
-- TOC entry 4027 (class 2606 OID 16609)
-- Name: accounts_class accounts_class_pkey; Type: CONSTRAINT; Schema: public; Owner: postgres
--

ALTER TABLE ONLY public.accounts_class
    ADD CONSTRAINT accounts_class_pkey PRIMARY KEY (id);


--
-- TOC entry 4056 (class 2606 OID 16713)
-- Name: accounts_class_students accounts_class_students_class_id_user_id_711a82f1_uniq; Type: CONSTRAINT; Schema: public; Owner: postgres
--

ALTER TABLE ONLY public.accounts_class_students
    ADD CONSTRAINT accounts_class_students_class_id_user_id_711a82f1_uniq UNIQUE (class_id, user_id);


--
-- TOC entry 4058 (class 2606 OID 16668)
-- Name: accounts_class_students accounts_class_students_pkey; Type: CONSTRAINT; Schema: public; Owner: postgres
--

ALTER TABLE ONLY public.accounts_class_students
    ADD CONSTRAINT accounts_class_students_pkey PRIMARY KEY (id);


--
-- TOC entry 4031 (class 2606 OID 16618)
-- Name: accounts_semester accounts_semester_pkey; Type: CONSTRAINT; Schema: public; Owner: postgres
--

ALTER TABLE ONLY public.accounts_semester
    ADD CONSTRAINT accounts_semester_pkey PRIMARY KEY (id);


--
-- TOC entry 4038 (class 2606 OID 16634)
-- Name: accounts_subject accounts_subject_pkey; Type: CONSTRAINT; Schema: public; Owner: postgres
--

ALTER TABLE ONLY public.accounts_subject
    ADD CONSTRAINT accounts_subject_pkey PRIMARY KEY (id);


--
-- TOC entry 4043 (class 2606 OID 16643)
-- Name: accounts_subject_students accounts_subject_students_pkey; Type: CONSTRAINT; Schema: public; Owner: postgres
--

ALTER TABLE ONLY public.accounts_subject_students
    ADD CONSTRAINT accounts_subject_students_pkey PRIMARY KEY (id);


--
-- TOC entry 4046 (class 2606 OID 16683)
-- Name: accounts_subject_students accounts_subject_students_subject_id_user_id_8d3bc214_uniq; Type: CONSTRAINT; Schema: public; Owner: postgres
--

ALTER TABLE ONLY public.accounts_subject_students
    ADD CONSTRAINT accounts_subject_students_subject_id_user_id_8d3bc214_uniq UNIQUE (subject_id, user_id);


--
-- TOC entry 4041 (class 2606 OID 16636)
-- Name: accounts_subject accounts_subject_subject_code_key; Type: CONSTRAINT; Schema: public; Owner: postgres
--

ALTER TABLE ONLY public.accounts_subject
    ADD CONSTRAINT accounts_subject_subject_code_key UNIQUE (subject_code);


--
-- TOC entry 4049 (class 2606 OID 16650)
-- Name: accounts_subject_teachers accounts_subject_teachers_pkey; Type: CONSTRAINT; Schema: public; Owner: postgres
--

ALTER TABLE ONLY public.accounts_subject_teachers
    ADD CONSTRAINT accounts_subject_teachers_pkey PRIMARY KEY (id);


--
-- TOC entry 4052 (class 2606 OID 16697)
-- Name: accounts_subject_teachers accounts_subject_teachers_subject_id_user_id_48d005ab_uniq; Type: CONSTRAINT; Schema: public; Owner: postgres
--

ALTER TABLE ONLY public.accounts_subject_teachers
    ADD CONSTRAINT accounts_subject_teachers_subject_id_user_id_48d005ab_uniq UNIQUE (subject_id, user_id);


--
-- TOC entry 4034 (class 2606 OID 16627)
-- Name: accounts_userprofile accounts_userprofile_code_key; Type: CONSTRAINT; Schema: public; Owner: postgres
--

ALTER TABLE ONLY public.accounts_userprofile
    ADD CONSTRAINT accounts_userprofile_code_key UNIQUE (code);


--
-- TOC entry 4036 (class 2606 OID 16625)
-- Name: accounts_userprofile accounts_userprofile_pkey; Type: CONSTRAINT; Schema: public; Owner: postgres
--

ALTER TABLE ONLY public.accounts_userprofile
    ADD CONSTRAINT accounts_userprofile_pkey PRIMARY KEY (user_id);


--
-- TOC entry 4065 (class 2606 OID 33107)
-- Name: assignments_assignment assignments_assignment_in_class_id_assignment_c_8e9a0d12_uniq; Type: CONSTRAINT; Schema: public; Owner: postgres
--

ALTER TABLE ONLY public.assignments_assignment
    ADD CONSTRAINT assignments_assignment_in_class_id_assignment_c_8e9a0d12_uniq UNIQUE (in_class_id, assignment_code);


--
-- TOC entry 4158 (class 2606 OID 33069)
-- Name: assignments_assignment_langs assignments_assignment_l_assignment_id_lang_id_75e3884d_uniq; Type: CONSTRAINT; Schema: public; Owner: postgres
--

ALTER TABLE ONLY public.assignments_assignment_langs
    ADD CONSTRAINT assignments_assignment_l_assignment_id_lang_id_75e3884d_uniq UNIQUE (assignment_id, lang_id);


--
-- TOC entry 4162 (class 2606 OID 33067)
-- Name: assignments_assignment_langs assignments_assignment_langs_pkey; Type: CONSTRAINT; Schema: public; Owner: postgres
--

ALTER TABLE ONLY public.assignments_assignment_langs
    ADD CONSTRAINT assignments_assignment_langs_pkey PRIMARY KEY (id);


--
-- TOC entry 4068 (class 2606 OID 16757)
-- Name: assignments_assignment assignments_assignment_pkey; Type: CONSTRAINT; Schema: public; Owner: postgres
--

ALTER TABLE ONLY public.assignments_assignment
    ADD CONSTRAINT assignments_assignment_pkey PRIMARY KEY (id);


--
-- TOC entry 4154 (class 2606 OID 33084)
-- Name: assignments_lang assignments_lang_name_e669ef83_uniq; Type: CONSTRAINT; Schema: public; Owner: postgres
--

ALTER TABLE ONLY public.assignments_lang
    ADD CONSTRAINT assignments_lang_name_e669ef83_uniq UNIQUE (name);


--
-- TOC entry 4156 (class 2606 OID 33061)
-- Name: assignments_lang assignments_lang_pkey; Type: CONSTRAINT; Schema: public; Owner: postgres
--

ALTER TABLE ONLY public.assignments_lang
    ADD CONSTRAINT assignments_lang_pkey PRIMARY KEY (id);


--
-- TOC entry 4071 (class 2606 OID 16775)
-- Name: assignments_submission assignments_submission_pkey; Type: CONSTRAINT; Schema: public; Owner: postgres
--

ALTER TABLE ONLY public.assignments_submission
    ADD CONSTRAINT assignments_submission_pkey PRIMARY KEY (id);


--
-- TOC entry 3996 (class 2606 OID 16601)
-- Name: auth_group auth_group_name_key; Type: CONSTRAINT; Schema: public; Owner: postgres
--

ALTER TABLE ONLY public.auth_group
    ADD CONSTRAINT auth_group_name_key UNIQUE (name);


--
-- TOC entry 4001 (class 2606 OID 16553)
-- Name: auth_group_permissions auth_group_permissions_group_id_permission_id_0cd325b0_uniq; Type: CONSTRAINT; Schema: public; Owner: postgres
--

ALTER TABLE ONLY public.auth_group_permissions
    ADD CONSTRAINT auth_group_permissions_group_id_permission_id_0cd325b0_uniq UNIQUE (group_id, permission_id);


--
-- TOC entry 4004 (class 2606 OID 16519)
-- Name: auth_group_permissions auth_group_permissions_pkey; Type: CONSTRAINT; Schema: public; Owner: postgres
--

ALTER TABLE ONLY public.auth_group_permissions
    ADD CONSTRAINT auth_group_permissions_pkey PRIMARY KEY (id);


--
-- TOC entry 3998 (class 2606 OID 16510)
-- Name: auth_group auth_group_pkey; Type: CONSTRAINT; Schema: public; Owner: postgres
--

ALTER TABLE ONLY public.auth_group
    ADD CONSTRAINT auth_group_pkey PRIMARY KEY (id);


--
-- TOC entry 3991 (class 2606 OID 16544)
-- Name: auth_permission auth_permission_content_type_id_codename_01ab375a_uniq; Type: CONSTRAINT; Schema: public; Owner: postgres
--

ALTER TABLE ONLY public.auth_permission
    ADD CONSTRAINT auth_permission_content_type_id_codename_01ab375a_uniq UNIQUE (content_type_id, codename);


--
-- TOC entry 3993 (class 2606 OID 16503)
-- Name: auth_permission auth_permission_pkey; Type: CONSTRAINT; Schema: public; Owner: postgres
--

ALTER TABLE ONLY public.auth_permission
    ADD CONSTRAINT auth_permission_pkey PRIMARY KEY (id);


--
-- TOC entry 4012 (class 2606 OID 16535)
-- Name: auth_user_groups auth_user_groups_pkey; Type: CONSTRAINT; Schema: public; Owner: postgres
--

ALTER TABLE ONLY public.auth_user_groups
    ADD CONSTRAINT auth_user_groups_pkey PRIMARY KEY (id);


--
-- TOC entry 4015 (class 2606 OID 16568)
-- Name: auth_user_groups auth_user_groups_user_id_group_id_94350c0c_uniq; Type: CONSTRAINT; Schema: public; Owner: postgres
--

ALTER TABLE ONLY public.auth_user_groups
    ADD CONSTRAINT auth_user_groups_user_id_group_id_94350c0c_uniq UNIQUE (user_id, group_id);


--
-- TOC entry 4006 (class 2606 OID 16526)
-- Name: auth_user auth_user_pkey; Type: CONSTRAINT; Schema: public; Owner: postgres
--

ALTER TABLE ONLY public.auth_user
    ADD CONSTRAINT auth_user_pkey PRIMARY KEY (id);


--
-- TOC entry 4018 (class 2606 OID 16542)
-- Name: auth_user_user_permissions auth_user_user_permissions_pkey; Type: CONSTRAINT; Schema: public; Owner: postgres
--

ALTER TABLE ONLY public.auth_user_user_permissions
    ADD CONSTRAINT auth_user_user_permissions_pkey PRIMARY KEY (id);


--
-- TOC entry 4021 (class 2606 OID 16582)
-- Name: auth_user_user_permissions auth_user_user_permissions_user_id_permission_id_14a6b632_uniq; Type: CONSTRAINT; Schema: public; Owner: postgres
--

ALTER TABLE ONLY public.auth_user_user_permissions
    ADD CONSTRAINT auth_user_user_permissions_user_id_permission_id_14a6b632_uniq UNIQUE (user_id, permission_id);


--
-- TOC entry 4009 (class 2606 OID 16596)
-- Name: auth_user auth_user_username_key; Type: CONSTRAINT; Schema: public; Owner: postgres
--

ALTER TABLE ONLY public.auth_user
    ADD CONSTRAINT auth_user_username_key UNIQUE (username);


--
-- TOC entry 4062 (class 2606 OID 16736)
-- Name: django_admin_log django_admin_log_pkey; Type: CONSTRAINT; Schema: public; Owner: postgres
--

ALTER TABLE ONLY public.django_admin_log
    ADD CONSTRAINT django_admin_log_pkey PRIMARY KEY (id);


--
-- TOC entry 3986 (class 2606 OID 16496)
-- Name: django_content_type django_content_type_app_label_model_76bd3d3b_uniq; Type: CONSTRAINT; Schema: public; Owner: postgres
--

ALTER TABLE ONLY public.django_content_type
    ADD CONSTRAINT django_content_type_app_label_model_76bd3d3b_uniq UNIQUE (app_label, model);


--
-- TOC entry 3988 (class 2606 OID 16494)
-- Name: django_content_type django_content_type_pkey; Type: CONSTRAINT; Schema: public; Owner: postgres
--

ALTER TABLE ONLY public.django_content_type
    ADD CONSTRAINT django_content_type_pkey PRIMARY KEY (id);


--
-- TOC entry 3984 (class 2606 OID 16487)
-- Name: django_migrations django_migrations_pkey; Type: CONSTRAINT; Schema: public; Owner: postgres
--

ALTER TABLE ONLY public.django_migrations
    ADD CONSTRAINT django_migrations_pkey PRIMARY KEY (id);


--
-- TOC entry 4121 (class 2606 OID 16994)
-- Name: django_session django_session_pkey; Type: CONSTRAINT; Schema: public; Owner: postgres
--

ALTER TABLE ONLY public.django_session
    ADD CONSTRAINT django_session_pkey PRIMARY KEY (session_key);


--
-- TOC entry 4075 (class 2606 OID 16845)
-- Name: knox_authtoken knox_authtoken_pkey; Type: CONSTRAINT; Schema: public; Owner: postgres
--

ALTER TABLE ONLY public.knox_authtoken
    ADD CONSTRAINT knox_authtoken_pkey PRIMARY KEY (digest);


--
-- TOC entry 4089 (class 2606 OID 16968)
-- Name: oauth2_provider_accesstoken oauth2_provider_accesstoken_id_token_id_key; Type: CONSTRAINT; Schema: public; Owner: postgres
--

ALTER TABLE ONLY public.oauth2_provider_accesstoken
    ADD CONSTRAINT oauth2_provider_accesstoken_id_token_id_key UNIQUE (id_token_id);


--
-- TOC entry 4091 (class 2606 OID 16869)
-- Name: oauth2_provider_accesstoken oauth2_provider_accesstoken_pkey; Type: CONSTRAINT; Schema: public; Owner: postgres
--

ALTER TABLE ONLY public.oauth2_provider_accesstoken
    ADD CONSTRAINT oauth2_provider_accesstoken_pkey PRIMARY KEY (id);


--
-- TOC entry 4093 (class 2606 OID 16893)
-- Name: oauth2_provider_accesstoken oauth2_provider_accesstoken_source_refresh_token_id_key; Type: CONSTRAINT; Schema: public; Owner: postgres
--

ALTER TABLE ONLY public.oauth2_provider_accesstoken
    ADD CONSTRAINT oauth2_provider_accesstoken_source_refresh_token_id_key UNIQUE (source_refresh_token_id);


--
-- TOC entry 4096 (class 2606 OID 16871)
-- Name: oauth2_provider_accesstoken oauth2_provider_accesstoken_token_key; Type: CONSTRAINT; Schema: public; Owner: postgres
--

ALTER TABLE ONLY public.oauth2_provider_accesstoken
    ADD CONSTRAINT oauth2_provider_accesstoken_token_key UNIQUE (token);


--
-- TOC entry 4081 (class 2606 OID 16860)
-- Name: oauth2_provider_application oauth2_provider_application_client_id_key; Type: CONSTRAINT; Schema: public; Owner: postgres
--

ALTER TABLE ONLY public.oauth2_provider_application
    ADD CONSTRAINT oauth2_provider_application_client_id_key UNIQUE (client_id);


--
-- TOC entry 4085 (class 2606 OID 16858)
-- Name: oauth2_provider_application oauth2_provider_application_pkey; Type: CONSTRAINT; Schema: public; Owner: postgres
--

ALTER TABLE ONLY public.oauth2_provider_application
    ADD CONSTRAINT oauth2_provider_application_pkey PRIMARY KEY (id);


--
-- TOC entry 4101 (class 2606 OID 16882)
-- Name: oauth2_provider_grant oauth2_provider_grant_code_key; Type: CONSTRAINT; Schema: public; Owner: postgres
--

ALTER TABLE ONLY public.oauth2_provider_grant
    ADD CONSTRAINT oauth2_provider_grant_code_key UNIQUE (code);


--
-- TOC entry 4103 (class 2606 OID 16880)
-- Name: oauth2_provider_grant oauth2_provider_grant_pkey; Type: CONSTRAINT; Schema: public; Owner: postgres
--

ALTER TABLE ONLY public.oauth2_provider_grant
    ADD CONSTRAINT oauth2_provider_grant_pkey PRIMARY KEY (id);


--
-- TOC entry 4115 (class 2606 OID 16966)
-- Name: oauth2_provider_idtoken oauth2_provider_idtoken_jti_key; Type: CONSTRAINT; Schema: public; Owner: postgres
--

ALTER TABLE ONLY public.oauth2_provider_idtoken
    ADD CONSTRAINT oauth2_provider_idtoken_jti_key UNIQUE (jti);


--
-- TOC entry 4117 (class 2606 OID 16964)
-- Name: oauth2_provider_idtoken oauth2_provider_idtoken_pkey; Type: CONSTRAINT; Schema: public; Owner: postgres
--

ALTER TABLE ONLY public.oauth2_provider_idtoken
    ADD CONSTRAINT oauth2_provider_idtoken_pkey PRIMARY KEY (id);


--
-- TOC entry 4106 (class 2606 OID 16891)
-- Name: oauth2_provider_refreshtoken oauth2_provider_refreshtoken_access_token_id_key; Type: CONSTRAINT; Schema: public; Owner: postgres
--

ALTER TABLE ONLY public.oauth2_provider_refreshtoken
    ADD CONSTRAINT oauth2_provider_refreshtoken_access_token_id_key UNIQUE (access_token_id);


--
-- TOC entry 4109 (class 2606 OID 16889)
-- Name: oauth2_provider_refreshtoken oauth2_provider_refreshtoken_pkey; Type: CONSTRAINT; Schema: public; Owner: postgres
--

ALTER TABLE ONLY public.oauth2_provider_refreshtoken
    ADD CONSTRAINT oauth2_provider_refreshtoken_pkey PRIMARY KEY (id);


--
-- TOC entry 4111 (class 2606 OID 16935)
-- Name: oauth2_provider_refreshtoken oauth2_provider_refreshtoken_token_revoked_af8a5134_uniq; Type: CONSTRAINT; Schema: public; Owner: postgres
--

ALTER TABLE ONLY public.oauth2_provider_refreshtoken
    ADD CONSTRAINT oauth2_provider_refreshtoken_token_revoked_af8a5134_uniq UNIQUE (token, revoked);


--
-- TOC entry 4124 (class 2606 OID 17070)
-- Name: social_auth_association social_auth_association_pkey; Type: CONSTRAINT; Schema: public; Owner: postgres
--

ALTER TABLE ONLY public.social_auth_association
    ADD CONSTRAINT social_auth_association_pkey PRIMARY KEY (id);


--
-- TOC entry 4126 (class 2606 OID 17046)
-- Name: social_auth_association social_auth_association_server_url_handle_078befa2_uniq; Type: CONSTRAINT; Schema: public; Owner: postgres
--

ALTER TABLE ONLY public.social_auth_association
    ADD CONSTRAINT social_auth_association_server_url_handle_078befa2_uniq UNIQUE (server_url, handle);


--
-- TOC entry 4130 (class 2606 OID 17044)
-- Name: social_auth_code social_auth_code_email_code_801b2d02_uniq; Type: CONSTRAINT; Schema: public; Owner: postgres
--

ALTER TABLE ONLY public.social_auth_code
    ADD CONSTRAINT social_auth_code_email_code_801b2d02_uniq UNIQUE (email, code);


--
-- TOC entry 4132 (class 2606 OID 17082)
-- Name: social_auth_code social_auth_code_pkey; Type: CONSTRAINT; Schema: public; Owner: postgres
--

ALTER TABLE ONLY public.social_auth_code
    ADD CONSTRAINT social_auth_code_pkey PRIMARY KEY (id);


--
-- TOC entry 4135 (class 2606 OID 17095)
-- Name: social_auth_nonce social_auth_nonce_pkey; Type: CONSTRAINT; Schema: public; Owner: postgres
--

ALTER TABLE ONLY public.social_auth_nonce
    ADD CONSTRAINT social_auth_nonce_pkey PRIMARY KEY (id);


--
-- TOC entry 4137 (class 2606 OID 17034)
-- Name: social_auth_nonce social_auth_nonce_server_url_timestamp_salt_f6284463_uniq; Type: CONSTRAINT; Schema: public; Owner: postgres
--

ALTER TABLE ONLY public.social_auth_nonce
    ADD CONSTRAINT social_auth_nonce_server_url_timestamp_salt_f6284463_uniq UNIQUE (server_url, "timestamp", salt);


--
-- TOC entry 4146 (class 2606 OID 17105)
-- Name: social_auth_partial social_auth_partial_pkey; Type: CONSTRAINT; Schema: public; Owner: postgres
--

ALTER TABLE ONLY public.social_auth_partial
    ADD CONSTRAINT social_auth_partial_pkey PRIMARY KEY (id);


--
-- TOC entry 4139 (class 2606 OID 17119)
-- Name: social_auth_usersocialauth social_auth_usersocialauth_pkey; Type: CONSTRAINT; Schema: public; Owner: postgres
--

ALTER TABLE ONLY public.social_auth_usersocialauth
    ADD CONSTRAINT social_auth_usersocialauth_pkey PRIMARY KEY (id);


--
-- TOC entry 4141 (class 2606 OID 17030)
-- Name: social_auth_usersocialauth social_auth_usersocialauth_provider_uid_e6b5e668_uniq; Type: CONSTRAINT; Schema: public; Owner: postgres
--

ALTER TABLE ONLY public.social_auth_usersocialauth
    ADD CONSTRAINT social_auth_usersocialauth_provider_uid_e6b5e668_uniq UNIQUE (provider, uid);


--
-- TOC entry 4151 (class 2606 OID 17138)
-- Name: utils_fileupload utils_fileupload_pkey; Type: CONSTRAINT; Schema: public; Owner: postgres
--

ALTER TABLE ONLY public.utils_fileupload
    ADD CONSTRAINT utils_fileupload_pkey PRIMARY KEY (id);


--
-- TOC entry 4022 (class 1259 OID 16674)
-- Name: accounts_class_code_480d7323_like; Type: INDEX; Schema: public; Owner: postgres
--

CREATE INDEX accounts_class_code_480d7323_like ON public.accounts_class USING btree (code varchar_pattern_ops);


--
-- TOC entry 4025 (class 1259 OID 16710)
-- Name: accounts_class_instructor_id_91cb3162; Type: INDEX; Schema: public; Owner: postgres
--

CREATE INDEX accounts_class_instructor_id_91cb3162 ON public.accounts_class USING btree (instructor_id);


--
-- TOC entry 4163 (class 1259 OID 33104)
-- Name: accounts_class_langs_class_id_3bdfc0d4; Type: INDEX; Schema: public; Owner: postgres
--

CREATE INDEX accounts_class_langs_class_id_3bdfc0d4 ON public.accounts_class_langs USING btree (class_id);


--
-- TOC entry 4166 (class 1259 OID 33105)
-- Name: accounts_class_langs_lang_id_d8f13ad9; Type: INDEX; Schema: public; Owner: postgres
--

CREATE INDEX accounts_class_langs_lang_id_d8f13ad9 ON public.accounts_class_langs USING btree (lang_id);


--
-- TOC entry 4028 (class 1259 OID 16711)
-- Name: accounts_class_semester_id_d36d2e25; Type: INDEX; Schema: public; Owner: postgres
--

CREATE INDEX accounts_class_semester_id_d36d2e25 ON public.accounts_class USING btree (semester_id);


--
-- TOC entry 4054 (class 1259 OID 16724)
-- Name: accounts_class_students_class_id_35338fa6; Type: INDEX; Schema: public; Owner: postgres
--

CREATE INDEX accounts_class_students_class_id_35338fa6 ON public.accounts_class_students USING btree (class_id);


--
-- TOC entry 4059 (class 1259 OID 16725)
-- Name: accounts_class_students_user_id_d6ad049c; Type: INDEX; Schema: public; Owner: postgres
--

CREATE INDEX accounts_class_students_user_id_d6ad049c ON public.accounts_class_students USING btree (user_id);


--
-- TOC entry 4029 (class 1259 OID 16726)
-- Name: accounts_class_subject_id_ecaa11a4; Type: INDEX; Schema: public; Owner: postgres
--

CREATE INDEX accounts_class_subject_id_ecaa11a4 ON public.accounts_class USING btree (subject_id);


--
-- TOC entry 4044 (class 1259 OID 16694)
-- Name: accounts_subject_students_subject_id_84094ba2; Type: INDEX; Schema: public; Owner: postgres
--

CREATE INDEX accounts_subject_students_subject_id_84094ba2 ON public.accounts_subject_students USING btree (subject_id);


--
-- TOC entry 4047 (class 1259 OID 16695)
-- Name: accounts_subject_students_user_id_e68a40eb; Type: INDEX; Schema: public; Owner: postgres
--

CREATE INDEX accounts_subject_students_user_id_e68a40eb ON public.accounts_subject_students USING btree (user_id);


--
-- TOC entry 4039 (class 1259 OID 16681)
-- Name: accounts_subject_subject_code_d2838822_like; Type: INDEX; Schema: public; Owner: postgres
--

CREATE INDEX accounts_subject_subject_code_d2838822_like ON public.accounts_subject USING btree (subject_code varchar_pattern_ops);


--
-- TOC entry 4050 (class 1259 OID 16708)
-- Name: accounts_subject_teachers_subject_id_7372cf68; Type: INDEX; Schema: public; Owner: postgres
--

CREATE INDEX accounts_subject_teachers_subject_id_7372cf68 ON public.accounts_subject_teachers USING btree (subject_id);


--
-- TOC entry 4053 (class 1259 OID 16709)
-- Name: accounts_subject_teachers_user_id_fa9ad7f6; Type: INDEX; Schema: public; Owner: postgres
--

CREATE INDEX accounts_subject_teachers_user_id_fa9ad7f6 ON public.accounts_subject_teachers USING btree (user_id);


--
-- TOC entry 4032 (class 1259 OID 16680)
-- Name: accounts_userprofile_code_fdf731a5_like; Type: INDEX; Schema: public; Owner: postgres
--

CREATE INDEX accounts_userprofile_code_fdf731a5_like ON public.accounts_userprofile USING btree (code varchar_pattern_ops);


--
-- TOC entry 4066 (class 1259 OID 16816)
-- Name: assignments_assignment_in_class_id_d5fe58c5; Type: INDEX; Schema: public; Owner: postgres
--

CREATE INDEX assignments_assignment_in_class_id_d5fe58c5 ON public.assignments_assignment USING btree (in_class_id);


--
-- TOC entry 4159 (class 1259 OID 33080)
-- Name: assignments_assignment_langs_assignment_id_fe57ce9e; Type: INDEX; Schema: public; Owner: postgres
--

CREATE INDEX assignments_assignment_langs_assignment_id_fe57ce9e ON public.assignments_assignment_langs USING btree (assignment_id);


--
-- TOC entry 4160 (class 1259 OID 33081)
-- Name: assignments_assignment_langs_lang_id_5787c87e; Type: INDEX; Schema: public; Owner: postgres
--

CREATE INDEX assignments_assignment_langs_lang_id_5787c87e ON public.assignments_assignment_langs USING btree (lang_id);


--
-- TOC entry 4152 (class 1259 OID 33085)
-- Name: assignments_lang_name_e669ef83_like; Type: INDEX; Schema: public; Owner: postgres
--

CREATE INDEX assignments_lang_name_e669ef83_like ON public.assignments_lang USING btree (name varchar_pattern_ops);


--
-- TOC entry 4069 (class 1259 OID 16802)
-- Name: assignments_submission_assignment_id_5322e0a4; Type: INDEX; Schema: public; Owner: postgres
--

CREATE INDEX assignments_submission_assignment_id_5322e0a4 ON public.assignments_submission USING btree (assignment_id);


--
-- TOC entry 4072 (class 1259 OID 16803)
-- Name: assignments_submission_user_id_d63c2efb; Type: INDEX; Schema: public; Owner: postgres
--

CREATE INDEX assignments_submission_user_id_d63c2efb ON public.assignments_submission USING btree (user_id);


--
-- TOC entry 3994 (class 1259 OID 16602)
-- Name: auth_group_name_a6ea08ec_like; Type: INDEX; Schema: public; Owner: postgres
--

CREATE INDEX auth_group_name_a6ea08ec_like ON public.auth_group USING btree (name varchar_pattern_ops);


--
-- TOC entry 3999 (class 1259 OID 16564)
-- Name: auth_group_permissions_group_id_b120cbf9; Type: INDEX; Schema: public; Owner: postgres
--

CREATE INDEX auth_group_permissions_group_id_b120cbf9 ON public.auth_group_permissions USING btree (group_id);


--
-- TOC entry 4002 (class 1259 OID 16565)
-- Name: auth_group_permissions_permission_id_84c5c92e; Type: INDEX; Schema: public; Owner: postgres
--

CREATE INDEX auth_group_permissions_permission_id_84c5c92e ON public.auth_group_permissions USING btree (permission_id);


--
-- TOC entry 3989 (class 1259 OID 16550)
-- Name: auth_permission_content_type_id_2f476e4b; Type: INDEX; Schema: public; Owner: postgres
--

CREATE INDEX auth_permission_content_type_id_2f476e4b ON public.auth_permission USING btree (content_type_id);


--
-- TOC entry 4010 (class 1259 OID 16580)
-- Name: auth_user_groups_group_id_97559544; Type: INDEX; Schema: public; Owner: postgres
--

CREATE INDEX auth_user_groups_group_id_97559544 ON public.auth_user_groups USING btree (group_id);


--
-- TOC entry 4013 (class 1259 OID 16579)
-- Name: auth_user_groups_user_id_6a12ed8b; Type: INDEX; Schema: public; Owner: postgres
--

CREATE INDEX auth_user_groups_user_id_6a12ed8b ON public.auth_user_groups USING btree (user_id);


--
-- TOC entry 4016 (class 1259 OID 16594)
-- Name: auth_user_user_permissions_permission_id_1fbb5f2c; Type: INDEX; Schema: public; Owner: postgres
--

CREATE INDEX auth_user_user_permissions_permission_id_1fbb5f2c ON public.auth_user_user_permissions USING btree (permission_id);


--
-- TOC entry 4019 (class 1259 OID 16593)
-- Name: auth_user_user_permissions_user_id_a95ead1b; Type: INDEX; Schema: public; Owner: postgres
--

CREATE INDEX auth_user_user_permissions_user_id_a95ead1b ON public.auth_user_user_permissions USING btree (user_id);


--
-- TOC entry 4007 (class 1259 OID 16597)
-- Name: auth_user_username_6821ab7c_like; Type: INDEX; Schema: public; Owner: postgres
--

CREATE INDEX auth_user_username_6821ab7c_like ON public.auth_user USING btree (username varchar_pattern_ops);


--
-- TOC entry 4060 (class 1259 OID 16747)
-- Name: django_admin_log_content_type_id_c4bce8eb; Type: INDEX; Schema: public; Owner: postgres
--

CREATE INDEX django_admin_log_content_type_id_c4bce8eb ON public.django_admin_log USING btree (content_type_id);


--
-- TOC entry 4063 (class 1259 OID 16748)
-- Name: django_admin_log_user_id_c564eba6; Type: INDEX; Schema: public; Owner: postgres
--

CREATE INDEX django_admin_log_user_id_c564eba6 ON public.django_admin_log USING btree (user_id);


--
-- TOC entry 4119 (class 1259 OID 16996)
-- Name: django_session_expire_date_a5c62663; Type: INDEX; Schema: public; Owner: postgres
--

CREATE INDEX django_session_expire_date_a5c62663 ON public.django_session USING btree (expire_date);


--
-- TOC entry 4122 (class 1259 OID 16995)
-- Name: django_session_session_key_c0390e0f_like; Type: INDEX; Schema: public; Owner: postgres
--

CREATE INDEX django_session_session_key_c0390e0f_like ON public.django_session USING btree (session_key varchar_pattern_ops);


--
-- TOC entry 4073 (class 1259 OID 16846)
-- Name: knox_authtoken_digest_188c7e77_like; Type: INDEX; Schema: public; Owner: postgres
--

CREATE INDEX knox_authtoken_digest_188c7e77_like ON public.knox_authtoken USING btree (digest varchar_pattern_ops);


--
-- TOC entry 4076 (class 1259 OID 16847)
-- Name: knox_authtoken_token_key_8f4f7d47; Type: INDEX; Schema: public; Owner: postgres
--

CREATE INDEX knox_authtoken_token_key_8f4f7d47 ON public.knox_authtoken USING btree (token_key);


--
-- TOC entry 4077 (class 1259 OID 16848)
-- Name: knox_authtoken_token_key_8f4f7d47_like; Type: INDEX; Schema: public; Owner: postgres
--

CREATE INDEX knox_authtoken_token_key_8f4f7d47_like ON public.knox_authtoken USING btree (token_key varchar_pattern_ops);


--
-- TOC entry 4078 (class 1259 OID 16843)
-- Name: knox_authtoken_user_id_e5a5d899; Type: INDEX; Schema: public; Owner: postgres
--

CREATE INDEX knox_authtoken_user_id_e5a5d899 ON public.knox_authtoken USING btree (user_id);


--
-- TOC entry 4087 (class 1259 OID 16919)
-- Name: oauth2_provider_accesstoken_application_id_b22886e1; Type: INDEX; Schema: public; Owner: postgres
--

CREATE INDEX oauth2_provider_accesstoken_application_id_b22886e1 ON public.oauth2_provider_accesstoken USING btree (application_id);


--
-- TOC entry 4094 (class 1259 OID 16918)
-- Name: oauth2_provider_accesstoken_token_8af090f8_like; Type: INDEX; Schema: public; Owner: postgres
--

CREATE INDEX oauth2_provider_accesstoken_token_8af090f8_like ON public.oauth2_provider_accesstoken USING btree (token varchar_pattern_ops);


--
-- TOC entry 4097 (class 1259 OID 16920)
-- Name: oauth2_provider_accesstoken_user_id_6e4c9a65; Type: INDEX; Schema: public; Owner: postgres
--

CREATE INDEX oauth2_provider_accesstoken_user_id_6e4c9a65 ON public.oauth2_provider_accesstoken USING btree (user_id);


--
-- TOC entry 4079 (class 1259 OID 16904)
-- Name: oauth2_provider_application_client_id_03f0cc84_like; Type: INDEX; Schema: public; Owner: postgres
--

CREATE INDEX oauth2_provider_application_client_id_03f0cc84_like ON public.oauth2_provider_application USING btree (client_id varchar_pattern_ops);


--
-- TOC entry 4082 (class 1259 OID 16905)
-- Name: oauth2_provider_application_client_secret_53133678; Type: INDEX; Schema: public; Owner: postgres
--

CREATE INDEX oauth2_provider_application_client_secret_53133678 ON public.oauth2_provider_application USING btree (client_secret);


--
-- TOC entry 4083 (class 1259 OID 16906)
-- Name: oauth2_provider_application_client_secret_53133678_like; Type: INDEX; Schema: public; Owner: postgres
--

CREATE INDEX oauth2_provider_application_client_secret_53133678_like ON public.oauth2_provider_application USING btree (client_secret varchar_pattern_ops);


--
-- TOC entry 4086 (class 1259 OID 16907)
-- Name: oauth2_provider_application_user_id_79829054; Type: INDEX; Schema: public; Owner: postgres
--

CREATE INDEX oauth2_provider_application_user_id_79829054 ON public.oauth2_provider_application USING btree (user_id);


--
-- TOC entry 4098 (class 1259 OID 16932)
-- Name: oauth2_provider_grant_application_id_81923564; Type: INDEX; Schema: public; Owner: postgres
--

CREATE INDEX oauth2_provider_grant_application_id_81923564 ON public.oauth2_provider_grant USING btree (application_id);


--
-- TOC entry 4099 (class 1259 OID 16931)
-- Name: oauth2_provider_grant_code_49ab4ddf_like; Type: INDEX; Schema: public; Owner: postgres
--

CREATE INDEX oauth2_provider_grant_code_49ab4ddf_like ON public.oauth2_provider_grant USING btree (code varchar_pattern_ops);


--
-- TOC entry 4104 (class 1259 OID 16933)
-- Name: oauth2_provider_grant_user_id_e8f62af8; Type: INDEX; Schema: public; Owner: postgres
--

CREATE INDEX oauth2_provider_grant_user_id_e8f62af8 ON public.oauth2_provider_grant USING btree (user_id);


--
-- TOC entry 4113 (class 1259 OID 16986)
-- Name: oauth2_provider_idtoken_application_id_08c5ff4f; Type: INDEX; Schema: public; Owner: postgres
--

CREATE INDEX oauth2_provider_idtoken_application_id_08c5ff4f ON public.oauth2_provider_idtoken USING btree (application_id);


--
-- TOC entry 4118 (class 1259 OID 16987)
-- Name: oauth2_provider_idtoken_user_id_dd512b59; Type: INDEX; Schema: public; Owner: postgres
--

CREATE INDEX oauth2_provider_idtoken_user_id_dd512b59 ON public.oauth2_provider_idtoken USING btree (user_id);


--
-- TOC entry 4107 (class 1259 OID 16951)
-- Name: oauth2_provider_refreshtoken_application_id_2d1c311b; Type: INDEX; Schema: public; Owner: postgres
--

CREATE INDEX oauth2_provider_refreshtoken_application_id_2d1c311b ON public.oauth2_provider_refreshtoken USING btree (application_id);


--
-- TOC entry 4112 (class 1259 OID 16952)
-- Name: oauth2_provider_refreshtoken_user_id_da837fce; Type: INDEX; Schema: public; Owner: postgres
--

CREATE INDEX oauth2_provider_refreshtoken_user_id_da837fce ON public.oauth2_provider_refreshtoken USING btree (user_id);


--
-- TOC entry 4127 (class 1259 OID 17035)
-- Name: social_auth_code_code_a2393167; Type: INDEX; Schema: public; Owner: postgres
--

CREATE INDEX social_auth_code_code_a2393167 ON public.social_auth_code USING btree (code);


--
-- TOC entry 4128 (class 1259 OID 17036)
-- Name: social_auth_code_code_a2393167_like; Type: INDEX; Schema: public; Owner: postgres
--

CREATE INDEX social_auth_code_code_a2393167_like ON public.social_auth_code USING btree (code varchar_pattern_ops);


--
-- TOC entry 4133 (class 1259 OID 17060)
-- Name: social_auth_code_timestamp_176b341f; Type: INDEX; Schema: public; Owner: postgres
--

CREATE INDEX social_auth_code_timestamp_176b341f ON public.social_auth_code USING btree ("timestamp");


--
-- TOC entry 4147 (class 1259 OID 17063)
-- Name: social_auth_partial_timestamp_50f2119f; Type: INDEX; Schema: public; Owner: postgres
--

CREATE INDEX social_auth_partial_timestamp_50f2119f ON public.social_auth_partial USING btree ("timestamp");


--
-- TOC entry 4148 (class 1259 OID 17057)
-- Name: social_auth_partial_token_3017fea3; Type: INDEX; Schema: public; Owner: postgres
--

CREATE INDEX social_auth_partial_token_3017fea3 ON public.social_auth_partial USING btree (token);


--
-- TOC entry 4149 (class 1259 OID 17058)
-- Name: social_auth_partial_token_3017fea3_like; Type: INDEX; Schema: public; Owner: postgres
--

CREATE INDEX social_auth_partial_token_3017fea3_like ON public.social_auth_partial USING btree (token varchar_pattern_ops);


--
-- TOC entry 4142 (class 1259 OID 17066)
-- Name: social_auth_usersocialauth_uid_796e51dc; Type: INDEX; Schema: public; Owner: postgres
--

CREATE INDEX social_auth_usersocialauth_uid_796e51dc ON public.social_auth_usersocialauth USING btree (uid);


--
-- TOC entry 4143 (class 1259 OID 17067)
-- Name: social_auth_usersocialauth_uid_796e51dc_like; Type: INDEX; Schema: public; Owner: postgres
--

CREATE INDEX social_auth_usersocialauth_uid_796e51dc_like ON public.social_auth_usersocialauth USING btree (uid varchar_pattern_ops);


--
-- TOC entry 4144 (class 1259 OID 17042)
-- Name: social_auth_usersocialauth_user_id_17d28448; Type: INDEX; Schema: public; Owner: postgres
--

CREATE INDEX social_auth_usersocialauth_user_id_17d28448 ON public.social_auth_usersocialauth USING btree (user_id);


--
-- TOC entry 4176 (class 2606 OID 16652)
-- Name: accounts_class accounts_class_instructor_id_91cb3162_fk_auth_user_id; Type: FK CONSTRAINT; Schema: public; Owner: postgres
--

ALTER TABLE ONLY public.accounts_class
    ADD CONSTRAINT accounts_class_instructor_id_91cb3162_fk_auth_user_id FOREIGN KEY (instructor_id) REFERENCES public.auth_user(id) DEFERRABLE INITIALLY DEFERRED;


--
-- TOC entry 4207 (class 2606 OID 33094)
-- Name: accounts_class_langs accounts_class_langs_class_id_3bdfc0d4_fk_accounts_class_id; Type: FK CONSTRAINT; Schema: public; Owner: postgres
--

ALTER TABLE ONLY public.accounts_class_langs
    ADD CONSTRAINT accounts_class_langs_class_id_3bdfc0d4_fk_accounts_class_id FOREIGN KEY (class_id) REFERENCES public.accounts_class(id) DEFERRABLE INITIALLY DEFERRED;


--
-- TOC entry 4208 (class 2606 OID 33099)
-- Name: accounts_class_langs accounts_class_langs_lang_id_d8f13ad9_fk_assignments_lang_id; Type: FK CONSTRAINT; Schema: public; Owner: postgres
--

ALTER TABLE ONLY public.accounts_class_langs
    ADD CONSTRAINT accounts_class_langs_lang_id_d8f13ad9_fk_assignments_lang_id FOREIGN KEY (lang_id) REFERENCES public.assignments_lang(id) DEFERRABLE INITIALLY DEFERRED;


--
-- TOC entry 4177 (class 2606 OID 16657)
-- Name: accounts_class accounts_class_semester_id_d36d2e25_fk_accounts_semester_id; Type: FK CONSTRAINT; Schema: public; Owner: postgres
--

ALTER TABLE ONLY public.accounts_class
    ADD CONSTRAINT accounts_class_semester_id_d36d2e25_fk_accounts_semester_id FOREIGN KEY (semester_id) REFERENCES public.accounts_semester(id) DEFERRABLE INITIALLY DEFERRED;


--
-- TOC entry 4184 (class 2606 OID 16714)
-- Name: accounts_class_students accounts_class_students_class_id_35338fa6_fk_accounts_class_id; Type: FK CONSTRAINT; Schema: public; Owner: postgres
--

ALTER TABLE ONLY public.accounts_class_students
    ADD CONSTRAINT accounts_class_students_class_id_35338fa6_fk_accounts_class_id FOREIGN KEY (class_id) REFERENCES public.accounts_class(id) DEFERRABLE INITIALLY DEFERRED;


--
-- TOC entry 4185 (class 2606 OID 16719)
-- Name: accounts_class_students accounts_class_students_user_id_d6ad049c_fk_auth_user_id; Type: FK CONSTRAINT; Schema: public; Owner: postgres
--

ALTER TABLE ONLY public.accounts_class_students
    ADD CONSTRAINT accounts_class_students_user_id_d6ad049c_fk_auth_user_id FOREIGN KEY (user_id) REFERENCES public.auth_user(id) DEFERRABLE INITIALLY DEFERRED;


--
-- TOC entry 4178 (class 2606 OID 16669)
-- Name: accounts_class accounts_class_subject_id_ecaa11a4_fk_accounts_subject_id; Type: FK CONSTRAINT; Schema: public; Owner: postgres
--

ALTER TABLE ONLY public.accounts_class
    ADD CONSTRAINT accounts_class_subject_id_ecaa11a4_fk_accounts_subject_id FOREIGN KEY (subject_id) REFERENCES public.accounts_subject(id) DEFERRABLE INITIALLY DEFERRED;


--
-- TOC entry 4180 (class 2606 OID 16684)
-- Name: accounts_subject_students accounts_subject_stu_subject_id_84094ba2_fk_accounts_; Type: FK CONSTRAINT; Schema: public; Owner: postgres
--

ALTER TABLE ONLY public.accounts_subject_students
    ADD CONSTRAINT accounts_subject_stu_subject_id_84094ba2_fk_accounts_ FOREIGN KEY (subject_id) REFERENCES public.accounts_subject(id) DEFERRABLE INITIALLY DEFERRED;


--
-- TOC entry 4181 (class 2606 OID 16689)
-- Name: accounts_subject_students accounts_subject_students_user_id_e68a40eb_fk_auth_user_id; Type: FK CONSTRAINT; Schema: public; Owner: postgres
--

ALTER TABLE ONLY public.accounts_subject_students
    ADD CONSTRAINT accounts_subject_students_user_id_e68a40eb_fk_auth_user_id FOREIGN KEY (user_id) REFERENCES public.auth_user(id) DEFERRABLE INITIALLY DEFERRED;


--
-- TOC entry 4182 (class 2606 OID 16698)
-- Name: accounts_subject_teachers accounts_subject_tea_subject_id_7372cf68_fk_accounts_; Type: FK CONSTRAINT; Schema: public; Owner: postgres
--

ALTER TABLE ONLY public.accounts_subject_teachers
    ADD CONSTRAINT accounts_subject_tea_subject_id_7372cf68_fk_accounts_ FOREIGN KEY (subject_id) REFERENCES public.accounts_subject(id) DEFERRABLE INITIALLY DEFERRED;


--
-- TOC entry 4183 (class 2606 OID 16703)
-- Name: accounts_subject_teachers accounts_subject_teachers_user_id_fa9ad7f6_fk_auth_user_id; Type: FK CONSTRAINT; Schema: public; Owner: postgres
--

ALTER TABLE ONLY public.accounts_subject_teachers
    ADD CONSTRAINT accounts_subject_teachers_user_id_fa9ad7f6_fk_auth_user_id FOREIGN KEY (user_id) REFERENCES public.auth_user(id) DEFERRABLE INITIALLY DEFERRED;


--
-- TOC entry 4179 (class 2606 OID 16675)
-- Name: accounts_userprofile accounts_userprofile_user_id_92240672_fk_auth_user_id; Type: FK CONSTRAINT; Schema: public; Owner: postgres
--

ALTER TABLE ONLY public.accounts_userprofile
    ADD CONSTRAINT accounts_userprofile_user_id_92240672_fk_auth_user_id FOREIGN KEY (user_id) REFERENCES public.auth_user(id) DEFERRABLE INITIALLY DEFERRED;


--
-- TOC entry 4205 (class 2606 OID 33070)
-- Name: assignments_assignment_langs assignments_assignme_assignment_id_fe57ce9e_fk_assignmen; Type: FK CONSTRAINT; Schema: public; Owner: postgres
--

ALTER TABLE ONLY public.assignments_assignment_langs
    ADD CONSTRAINT assignments_assignme_assignment_id_fe57ce9e_fk_assignmen FOREIGN KEY (assignment_id) REFERENCES public.assignments_assignment(id) DEFERRABLE INITIALLY DEFERRED;


--
-- TOC entry 4188 (class 2606 OID 16811)
-- Name: assignments_assignment assignments_assignme_in_class_id_d5fe58c5_fk_accounts_; Type: FK CONSTRAINT; Schema: public; Owner: postgres
--

ALTER TABLE ONLY public.assignments_assignment
    ADD CONSTRAINT assignments_assignme_in_class_id_d5fe58c5_fk_accounts_ FOREIGN KEY (in_class_id) REFERENCES public.accounts_class(id) DEFERRABLE INITIALLY DEFERRED;


--
-- TOC entry 4206 (class 2606 OID 33075)
-- Name: assignments_assignment_langs assignments_assignme_lang_id_5787c87e_fk_assignmen; Type: FK CONSTRAINT; Schema: public; Owner: postgres
--

ALTER TABLE ONLY public.assignments_assignment_langs
    ADD CONSTRAINT assignments_assignme_lang_id_5787c87e_fk_assignmen FOREIGN KEY (lang_id) REFERENCES public.assignments_lang(id) DEFERRABLE INITIALLY DEFERRED;


--
-- TOC entry 4189 (class 2606 OID 16792)
-- Name: assignments_submission assignments_submissi_assignment_id_5322e0a4_fk_assignmen; Type: FK CONSTRAINT; Schema: public; Owner: postgres
--

ALTER TABLE ONLY public.assignments_submission
    ADD CONSTRAINT assignments_submissi_assignment_id_5322e0a4_fk_assignmen FOREIGN KEY (assignment_id) REFERENCES public.assignments_assignment(id) DEFERRABLE INITIALLY DEFERRED;


--
-- TOC entry 4190 (class 2606 OID 16797)
-- Name: assignments_submission assignments_submission_user_id_d63c2efb_fk_auth_user_id; Type: FK CONSTRAINT; Schema: public; Owner: postgres
--

ALTER TABLE ONLY public.assignments_submission
    ADD CONSTRAINT assignments_submission_user_id_d63c2efb_fk_auth_user_id FOREIGN KEY (user_id) REFERENCES public.auth_user(id) DEFERRABLE INITIALLY DEFERRED;


--
-- TOC entry 4170 (class 2606 OID 16559)
-- Name: auth_group_permissions auth_group_permissio_permission_id_84c5c92e_fk_auth_perm; Type: FK CONSTRAINT; Schema: public; Owner: postgres
--

ALTER TABLE ONLY public.auth_group_permissions
    ADD CONSTRAINT auth_group_permissio_permission_id_84c5c92e_fk_auth_perm FOREIGN KEY (permission_id) REFERENCES public.auth_permission(id) DEFERRABLE INITIALLY DEFERRED;


--
-- TOC entry 4171 (class 2606 OID 16554)
-- Name: auth_group_permissions auth_group_permissions_group_id_b120cbf9_fk_auth_group_id; Type: FK CONSTRAINT; Schema: public; Owner: postgres
--

ALTER TABLE ONLY public.auth_group_permissions
    ADD CONSTRAINT auth_group_permissions_group_id_b120cbf9_fk_auth_group_id FOREIGN KEY (group_id) REFERENCES public.auth_group(id) DEFERRABLE INITIALLY DEFERRED;


--
-- TOC entry 4169 (class 2606 OID 16545)
-- Name: auth_permission auth_permission_content_type_id_2f476e4b_fk_django_co; Type: FK CONSTRAINT; Schema: public; Owner: postgres
--

ALTER TABLE ONLY public.auth_permission
    ADD CONSTRAINT auth_permission_content_type_id_2f476e4b_fk_django_co FOREIGN KEY (content_type_id) REFERENCES public.django_content_type(id) DEFERRABLE INITIALLY DEFERRED;


--
-- TOC entry 4172 (class 2606 OID 16574)
-- Name: auth_user_groups auth_user_groups_group_id_97559544_fk_auth_group_id; Type: FK CONSTRAINT; Schema: public; Owner: postgres
--

ALTER TABLE ONLY public.auth_user_groups
    ADD CONSTRAINT auth_user_groups_group_id_97559544_fk_auth_group_id FOREIGN KEY (group_id) REFERENCES public.auth_group(id) DEFERRABLE INITIALLY DEFERRED;


--
-- TOC entry 4173 (class 2606 OID 16569)
-- Name: auth_user_groups auth_user_groups_user_id_6a12ed8b_fk_auth_user_id; Type: FK CONSTRAINT; Schema: public; Owner: postgres
--

ALTER TABLE ONLY public.auth_user_groups
    ADD CONSTRAINT auth_user_groups_user_id_6a12ed8b_fk_auth_user_id FOREIGN KEY (user_id) REFERENCES public.auth_user(id) DEFERRABLE INITIALLY DEFERRED;


--
-- TOC entry 4174 (class 2606 OID 16588)
-- Name: auth_user_user_permissions auth_user_user_permi_permission_id_1fbb5f2c_fk_auth_perm; Type: FK CONSTRAINT; Schema: public; Owner: postgres
--

ALTER TABLE ONLY public.auth_user_user_permissions
    ADD CONSTRAINT auth_user_user_permi_permission_id_1fbb5f2c_fk_auth_perm FOREIGN KEY (permission_id) REFERENCES public.auth_permission(id) DEFERRABLE INITIALLY DEFERRED;


--
-- TOC entry 4175 (class 2606 OID 16583)
-- Name: auth_user_user_permissions auth_user_user_permissions_user_id_a95ead1b_fk_auth_user_id; Type: FK CONSTRAINT; Schema: public; Owner: postgres
--

ALTER TABLE ONLY public.auth_user_user_permissions
    ADD CONSTRAINT auth_user_user_permissions_user_id_a95ead1b_fk_auth_user_id FOREIGN KEY (user_id) REFERENCES public.auth_user(id) DEFERRABLE INITIALLY DEFERRED;


--
-- TOC entry 4186 (class 2606 OID 16737)
-- Name: django_admin_log django_admin_log_content_type_id_c4bce8eb_fk_django_co; Type: FK CONSTRAINT; Schema: public; Owner: postgres
--

ALTER TABLE ONLY public.django_admin_log
    ADD CONSTRAINT django_admin_log_content_type_id_c4bce8eb_fk_django_co FOREIGN KEY (content_type_id) REFERENCES public.django_content_type(id) DEFERRABLE INITIALLY DEFERRED;


--
-- TOC entry 4187 (class 2606 OID 16742)
-- Name: django_admin_log django_admin_log_user_id_c564eba6_fk_auth_user_id; Type: FK CONSTRAINT; Schema: public; Owner: postgres
--

ALTER TABLE ONLY public.django_admin_log
    ADD CONSTRAINT django_admin_log_user_id_c564eba6_fk_auth_user_id FOREIGN KEY (user_id) REFERENCES public.auth_user(id) DEFERRABLE INITIALLY DEFERRED;


--
-- TOC entry 4191 (class 2606 OID 16836)
-- Name: knox_authtoken knox_authtoken_user_id_e5a5d899_fk_auth_user_id; Type: FK CONSTRAINT; Schema: public; Owner: postgres
--

ALTER TABLE ONLY public.knox_authtoken
    ADD CONSTRAINT knox_authtoken_user_id_e5a5d899_fk_auth_user_id FOREIGN KEY (user_id) REFERENCES public.auth_user(id) DEFERRABLE INITIALLY DEFERRED;


--
-- TOC entry 4193 (class 2606 OID 16908)
-- Name: oauth2_provider_accesstoken oauth2_provider_acce_application_id_b22886e1_fk_oauth2_pr; Type: FK CONSTRAINT; Schema: public; Owner: postgres
--

ALTER TABLE ONLY public.oauth2_provider_accesstoken
    ADD CONSTRAINT oauth2_provider_acce_application_id_b22886e1_fk_oauth2_pr FOREIGN KEY (application_id) REFERENCES public.oauth2_provider_application(id) DEFERRABLE INITIALLY DEFERRED;


--
-- TOC entry 4194 (class 2606 OID 16969)
-- Name: oauth2_provider_accesstoken oauth2_provider_acce_id_token_id_85db651b_fk_oauth2_pr; Type: FK CONSTRAINT; Schema: public; Owner: postgres
--

ALTER TABLE ONLY public.oauth2_provider_accesstoken
    ADD CONSTRAINT oauth2_provider_acce_id_token_id_85db651b_fk_oauth2_pr FOREIGN KEY (id_token_id) REFERENCES public.oauth2_provider_idtoken(id) DEFERRABLE INITIALLY DEFERRED;


--
-- TOC entry 4195 (class 2606 OID 16894)
-- Name: oauth2_provider_accesstoken oauth2_provider_acce_source_refresh_token_e66fbc72_fk_oauth2_pr; Type: FK CONSTRAINT; Schema: public; Owner: postgres
--

ALTER TABLE ONLY public.oauth2_provider_accesstoken
    ADD CONSTRAINT oauth2_provider_acce_source_refresh_token_e66fbc72_fk_oauth2_pr FOREIGN KEY (source_refresh_token_id) REFERENCES public.oauth2_provider_refreshtoken(id) DEFERRABLE INITIALLY DEFERRED;


--
-- TOC entry 4196 (class 2606 OID 16913)
-- Name: oauth2_provider_accesstoken oauth2_provider_accesstoken_user_id_6e4c9a65_fk_auth_user_id; Type: FK CONSTRAINT; Schema: public; Owner: postgres
--

ALTER TABLE ONLY public.oauth2_provider_accesstoken
    ADD CONSTRAINT oauth2_provider_accesstoken_user_id_6e4c9a65_fk_auth_user_id FOREIGN KEY (user_id) REFERENCES public.auth_user(id) DEFERRABLE INITIALLY DEFERRED;


--
-- TOC entry 4192 (class 2606 OID 16899)
-- Name: oauth2_provider_application oauth2_provider_application_user_id_79829054_fk_auth_user_id; Type: FK CONSTRAINT; Schema: public; Owner: postgres
--

ALTER TABLE ONLY public.oauth2_provider_application
    ADD CONSTRAINT oauth2_provider_application_user_id_79829054_fk_auth_user_id FOREIGN KEY (user_id) REFERENCES public.auth_user(id) DEFERRABLE INITIALLY DEFERRED;


--
-- TOC entry 4197 (class 2606 OID 16921)
-- Name: oauth2_provider_grant oauth2_provider_gran_application_id_81923564_fk_oauth2_pr; Type: FK CONSTRAINT; Schema: public; Owner: postgres
--

ALTER TABLE ONLY public.oauth2_provider_grant
    ADD CONSTRAINT oauth2_provider_gran_application_id_81923564_fk_oauth2_pr FOREIGN KEY (application_id) REFERENCES public.oauth2_provider_application(id) DEFERRABLE INITIALLY DEFERRED;


--
-- TOC entry 4198 (class 2606 OID 16926)
-- Name: oauth2_provider_grant oauth2_provider_grant_user_id_e8f62af8_fk_auth_user_id; Type: FK CONSTRAINT; Schema: public; Owner: postgres
--

ALTER TABLE ONLY public.oauth2_provider_grant
    ADD CONSTRAINT oauth2_provider_grant_user_id_e8f62af8_fk_auth_user_id FOREIGN KEY (user_id) REFERENCES public.auth_user(id) DEFERRABLE INITIALLY DEFERRED;


--
-- TOC entry 4202 (class 2606 OID 16976)
-- Name: oauth2_provider_idtoken oauth2_provider_idto_application_id_08c5ff4f_fk_oauth2_pr; Type: FK CONSTRAINT; Schema: public; Owner: postgres
--

ALTER TABLE ONLY public.oauth2_provider_idtoken
    ADD CONSTRAINT oauth2_provider_idto_application_id_08c5ff4f_fk_oauth2_pr FOREIGN KEY (application_id) REFERENCES public.oauth2_provider_application(id) DEFERRABLE INITIALLY DEFERRED;


--
-- TOC entry 4203 (class 2606 OID 16981)
-- Name: oauth2_provider_idtoken oauth2_provider_idtoken_user_id_dd512b59_fk_auth_user_id; Type: FK CONSTRAINT; Schema: public; Owner: postgres
--

ALTER TABLE ONLY public.oauth2_provider_idtoken
    ADD CONSTRAINT oauth2_provider_idtoken_user_id_dd512b59_fk_auth_user_id FOREIGN KEY (user_id) REFERENCES public.auth_user(id) DEFERRABLE INITIALLY DEFERRED;


--
-- TOC entry 4199 (class 2606 OID 16936)
-- Name: oauth2_provider_refreshtoken oauth2_provider_refr_access_token_id_775e84e8_fk_oauth2_pr; Type: FK CONSTRAINT; Schema: public; Owner: postgres
--

ALTER TABLE ONLY public.oauth2_provider_refreshtoken
    ADD CONSTRAINT oauth2_provider_refr_access_token_id_775e84e8_fk_oauth2_pr FOREIGN KEY (access_token_id) REFERENCES public.oauth2_provider_accesstoken(id) DEFERRABLE INITIALLY DEFERRED;


--
-- TOC entry 4200 (class 2606 OID 16941)
-- Name: oauth2_provider_refreshtoken oauth2_provider_refr_application_id_2d1c311b_fk_oauth2_pr; Type: FK CONSTRAINT; Schema: public; Owner: postgres
--

ALTER TABLE ONLY public.oauth2_provider_refreshtoken
    ADD CONSTRAINT oauth2_provider_refr_application_id_2d1c311b_fk_oauth2_pr FOREIGN KEY (application_id) REFERENCES public.oauth2_provider_application(id) DEFERRABLE INITIALLY DEFERRED;


--
-- TOC entry 4201 (class 2606 OID 16946)
-- Name: oauth2_provider_refreshtoken oauth2_provider_refreshtoken_user_id_da837fce_fk_auth_user_id; Type: FK CONSTRAINT; Schema: public; Owner: postgres
--

ALTER TABLE ONLY public.oauth2_provider_refreshtoken
    ADD CONSTRAINT oauth2_provider_refreshtoken_user_id_da837fce_fk_auth_user_id FOREIGN KEY (user_id) REFERENCES public.auth_user(id) DEFERRABLE INITIALLY DEFERRED;


--
-- TOC entry 4204 (class 2606 OID 17037)
-- Name: social_auth_usersocialauth social_auth_usersocialauth_user_id_17d28448_fk_auth_user_id; Type: FK CONSTRAINT; Schema: public; Owner: postgres
--

ALTER TABLE ONLY public.social_auth_usersocialauth
    ADD CONSTRAINT social_auth_usersocialauth_user_id_17d28448_fk_auth_user_id FOREIGN KEY (user_id) REFERENCES public.auth_user(id) DEFERRABLE INITIALLY DEFERRED;


--
-- TOC entry 4418 (class 0 OID 0)
-- Dependencies: 5
-- Name: SCHEMA public; Type: ACL; Schema: -; Owner: postgres
--

REVOKE USAGE ON SCHEMA public FROM PUBLIC;
GRANT ALL ON SCHEMA public TO PUBLIC;


--
-- TOC entry 4419 (class 0 OID 0)
-- Dependencies: 286
-- Name: FUNCTION pg_replication_origin_advance(text, pg_lsn); Type: ACL; Schema: pg_catalog; Owner: cloudsqladmin
--

GRANT ALL ON FUNCTION pg_catalog.pg_replication_origin_advance(text, pg_lsn) TO postgres;


--
-- TOC entry 4420 (class 0 OID 0)
-- Dependencies: 274
-- Name: FUNCTION pg_replication_origin_create(text); Type: ACL; Schema: pg_catalog; Owner: cloudsqladmin
--

GRANT ALL ON FUNCTION pg_catalog.pg_replication_origin_create(text) TO postgres;


--
-- TOC entry 4421 (class 0 OID 0)
-- Dependencies: 275
-- Name: FUNCTION pg_replication_origin_drop(text); Type: ACL; Schema: pg_catalog; Owner: cloudsqladmin
--

GRANT ALL ON FUNCTION pg_catalog.pg_replication_origin_drop(text) TO postgres;


--
-- TOC entry 4422 (class 0 OID 0)
-- Dependencies: 276
-- Name: FUNCTION pg_replication_origin_oid(text); Type: ACL; Schema: pg_catalog; Owner: cloudsqladmin
--

GRANT ALL ON FUNCTION pg_catalog.pg_replication_origin_oid(text) TO postgres;


--
-- TOC entry 4423 (class 0 OID 0)
-- Dependencies: 277
-- Name: FUNCTION pg_replication_origin_progress(text, boolean); Type: ACL; Schema: pg_catalog; Owner: cloudsqladmin
--

GRANT ALL ON FUNCTION pg_catalog.pg_replication_origin_progress(text, boolean) TO postgres;


--
-- TOC entry 4424 (class 0 OID 0)
-- Dependencies: 278
-- Name: FUNCTION pg_replication_origin_session_is_setup(); Type: ACL; Schema: pg_catalog; Owner: cloudsqladmin
--

GRANT ALL ON FUNCTION pg_catalog.pg_replication_origin_session_is_setup() TO postgres;


--
-- TOC entry 4425 (class 0 OID 0)
-- Dependencies: 287
-- Name: FUNCTION pg_replication_origin_session_progress(boolean); Type: ACL; Schema: pg_catalog; Owner: cloudsqladmin
--

GRANT ALL ON FUNCTION pg_catalog.pg_replication_origin_session_progress(boolean) TO postgres;


--
-- TOC entry 4426 (class 0 OID 0)
-- Dependencies: 279
-- Name: FUNCTION pg_replication_origin_session_reset(); Type: ACL; Schema: pg_catalog; Owner: cloudsqladmin
--

GRANT ALL ON FUNCTION pg_catalog.pg_replication_origin_session_reset() TO postgres;


--
-- TOC entry 4427 (class 0 OID 0)
-- Dependencies: 280
-- Name: FUNCTION pg_replication_origin_session_setup(text); Type: ACL; Schema: pg_catalog; Owner: cloudsqladmin
--

GRANT ALL ON FUNCTION pg_catalog.pg_replication_origin_session_setup(text) TO postgres;


--
-- TOC entry 4428 (class 0 OID 0)
-- Dependencies: 281
-- Name: FUNCTION pg_replication_origin_xact_reset(); Type: ACL; Schema: pg_catalog; Owner: cloudsqladmin
--

GRANT ALL ON FUNCTION pg_catalog.pg_replication_origin_xact_reset() TO postgres;


--
-- TOC entry 4429 (class 0 OID 0)
-- Dependencies: 282
-- Name: FUNCTION pg_replication_origin_xact_setup(pg_lsn, timestamp with time zone); Type: ACL; Schema: pg_catalog; Owner: cloudsqladmin
--

GRANT ALL ON FUNCTION pg_catalog.pg_replication_origin_xact_setup(pg_lsn, timestamp with time zone) TO postgres;


--
-- TOC entry 4430 (class 0 OID 0)
-- Dependencies: 288
-- Name: FUNCTION pg_show_replication_origin_status(OUT local_id oid, OUT external_id text, OUT remote_lsn pg_lsn, OUT local_lsn pg_lsn); Type: ACL; Schema: pg_catalog; Owner: cloudsqladmin
--

GRANT ALL ON FUNCTION pg_catalog.pg_show_replication_origin_status(OUT local_id oid, OUT external_id text, OUT remote_lsn pg_lsn, OUT local_lsn pg_lsn) TO postgres;


-- Completed on 2023-05-02 19:44:29

--
-- PostgreSQL database dump complete
--

